zip_code,latitude,longitude,affordability,property_tax,school_quality,crime_rate,walkability,commute_time
43001,40.08794,-82.61289,0.1687511973145792,1238,39.18666666666667,0.00017774617845716317,34.8,1192
43003,40.41017,-82.96866,0.22594590531205835,1118,32.36,0.00017774617845716317,38.5,1418
43004,40.01664,-82.80025,0.25095824852271137,1666,45.055,2.784584539986634e-05,970.2,13381
43006,40.4591,-82.14554,0.20752329502484995,806,57.37,0.00017774617845716317,8.9,120
43008,39.93348,-82.4817,0.24307423268165015,924,39.18666666666667,0.00017774617845716317,621.9,1197
43009,40.17188,-83.64234,0.2638037743978483,987,66.00333333333334,0.00017774617845716317,23.5,964
43010,39.99964,-83.6219,0.24771656862703534,1036,48.63125,0.0034965034965034965,468.5,97
43011,40.30946,-82.68456,0.22385479291319743,1435,73.09333333333333,0.00017774617845716317,33.7,3162
43013,40.23101,-82.6895,0.26299202326632,1630,39.18666666666667,0.00017774617845716317,32.3,430
43014,40.46646,-82.25242,0.24153452553021662,864,54.83,0.00017774617845716317,23.1,1481
43015,40.29812,-83.06049,0.21386268422336369,1434,42.79,0.00017774617845716317,178.2,25459
43016,40.09732,-83.15535,0.21846402349499167,1807,38.99166666666667,2.784584539986634e-05,904.4,20093
43017,40.1189,-83.13314,0.20123308222305203,2064,62.068,2.784584539986634e-05,990.6,17521
43018,39.95377,-82.67613,0.19986211792315933,-666666666,39.18666666666667,0.00017774617845716317,51.1,25
43019,40.49527,-82.57831,0.2501525139051126,913,23.02333333333333,0.00017774617845716317,33.4,4139
43021,40.20301,-82.88476,0.23890115891091143,2228,69.12,0.00017774617845716317,147.5,5751
43022,40.33765,-82.34135,0.23936264735785467,829,2.95,0.00017774617845716317,33.2,1658
43023,40.07603,-82.53061,0.23338804867657612,1670,30.035,0.00017774617845716317,121.9,5523
43025,39.96653,-82.51529,0.1906649873226138,1176,39.18666666666667,0.00017774617845716317,59.9,2350
43026,40.02197,-83.18472,0.254118897767732,1642,58.444,2.784584539986634e-05,707.2,31758
43028,40.40335,-82.29783,0.22523205382330078,925,25.79,0.00017774617845716317,61.5,2829
43029,40.09598,-83.45408,0.2916416337725224,686,41.558,0.00017774617845716317,8.6,238
43031,40.16292,-82.66378,0.21184903282164194,1419,61.81333333333333,0.00017774617845716317,63.1,6720
43033,39.96098,-82.59984,0.29217820210046275,1068,39.18666666666667,0.00017774617845716317,219.5,194
43035,40.18622,-82.9969,0.2700004242156678,2178,47.596999999999994,0.00017774617845716317,703.6,14239
43036,40.3524,-83.26325,0.35571639566600055,813,40.21976190476191,0.00017774617845716317,772.4,150
43037,40.28062,-82.31654,0.19546910276896473,-666666666,29.665,0.00017774617845716317,31.6,85
43040,40.26115,-83.35812,0.22682885970679292,1339,41.26285714285715,0.00017774617845716317,87.2,14908
43044,40.05145,-83.56423,0.24732975266819474,945,26.076666666666664,0.00017774617845716317,24.2,2260
43045,40.16932,-83.44975,0.2937342160783719,1246,81.94333333333333,0.00017774617845716317,17.1,989
43046,39.89917,-82.53844,0.18902773770877665,1118,69.6,0.0002633658151171978,45.3,1805
43050,40.37188,-82.49536,0.249124642999531,910,33.54,0.00017774617845716317,76.1,13130
43054,40.07998,-82.79253,0.2238084622551436,2254,52.22,2.784584539986634e-05,417.0,12783
43055,40.1168,-82.37672,0.23222569705212495,913,47.32,0.00017774617845716317,214.8,26210
43056,40.00895,-82.33057,0.2393119426112589,939,38.410000000000004,0.00017774617845716317,77.6,7636
43060,40.21978,-83.57295,0.22631102611666062,936,66.7,0.00017774617845716317,35.3,1082
43061,40.28775,-83.20256,0.2589197064839286,1553,44.94,0.00017774617845716317,44.4,2207
43062,40.00556,-82.67964,0.23396484014610755,1449,38.446666666666665,0.00017774617845716317,165.5,13589
43064,40.09819,-83.28863,0.21554312294073796,1638,41.558,0.00017774617845716317,66.4,6934
43065,40.17655,-83.09445,0.25687505469284394,1966,46.424285714285716,0.00017774617845716317,622.7,18331
43066,40.39877,-83.16313,0.2787166711023115,1073,45.68214285714286,0.00017774617845716317,12.6,660
43067,40.34368,-83.48388,0.21060123542815412,1367,20.09,0.00017774617845716317,19.5,463
43068,39.95667,-82.78468,0.20982573982455235,1280,63.97222222222222,2.784584539986634e-05,1169.7,26272
43071,40.18479,-82.35509,0.28953480944508786,1017,39.18666666666667,0.00017774617845716317,26.3,1164
43072,40.1172,-83.95514,0.2703537087137298,1000,66.00333333333334,0.00017774617845716317,27.0,2607
43074,40.28008,-82.84899,0.20619222445930524,1606,30.088,0.00017774617845716317,72.3,6169
43076,39.89594,-82.39497,0.22729691759393084,1026,57.93,0.00017774617845716317,52.1,3582
43077,40.13675,-83.34165,0.42149311653677984,1072,40.21976190476191,0.00017774617845716317,673.5,85
43078,40.11302,-83.77538,0.27021158745095475,867,28.993333333333336,0.00017774617845716317,51.3,8758
43080,40.24284,-82.43126,0.23886861201367007,775,49.71666666666667,0.00017774617845716317,27.9,1862
43081,40.11064,-82.89083,0.2386764662444152,1464,45.76666666666667,2.784584539986634e-05,988.7,29562
43082,40.15537,-82.88437,0.2469059145698011,2038,52.6,0.00017774617845716317,622.9,12627
43084,40.15764,-83.54223,0.30034827860236,910,79.83,0.00017774617845716317,19.9,372
43085,40.09959,-83.01639,0.2530059266130748,1543,55.48,2.784584539986634e-05,1380.5,11791
43102,39.64076,-82.76118,0.23008723810897225,1011,41.553333333333335,0.0002633658151171978,25.6,1847
43103,39.72484,-82.93428,0.2447790721506286,1229,62.464,0.00017774617845716317,59.9,5059
43105,39.86513,-82.61826,0.19990419567771145,1214,44.303333333333335,0.0002633658151171978,61.8,3641
43106,39.6448,-83.41853,0.24205143419238304,893,58.165,0.00017774617845716317,15.3,736
43107,39.69254,-82.40993,0.25219231403640474,1001,54.42,0.0002633658151171978,45.8,1445
43110,39.82825,-82.80143,0.19209851248563894,1323,30.7,0.0002633658151171978,338.3,17126
43112,39.79719,-82.70472,0.23047739897400737,1409,37.199999999999996,0.0002633658151171978,54.0,2232
43113,39.59114,-82.96192,0.205727690886901,913,68.998,0.00017774617845716317,57.9,9887
43115,39.48989,-83.16579,0.32043891963278937,1021,40.26875,0.00017774617845716317,16.0,751
43116,39.77284,-83.06275,0.24135811505356414,1617,47.045,0.00017774617845716317,1054.0,1123
43119,39.93487,-83.20059,0.25441703457528414,1197,69.18,2.784584539986634e-05,353.9,13559
43123,39.86801,-83.12088,0.250734529916594,1345,71.86571428571429,2.784584539986634e-05,428.9,33003
43125,39.83747,-82.88588,0.2688780244089475,1205,57.72833333333333,2.784584539986634e-05,181.2,6907
43128,39.66359,-83.57893,0.21186880504421687,869,58.165,0.00017774617845716317,16.2,926
43130,39.70013,-82.60992,0.22735394515866453,967,54.916,0.0002633658151171978,146.6,25700
43135,39.4711,-82.69736,0.18858741848125518,691,53.457499999999996,0.00017774617845716317,17.7,1460
43136,39.80157,-82.81543,0.22866606379285379,1475,54.668,0.0002633658151171978,733.9,989
43137,39.80486,-82.98694,0.18577685290686097,991,52.61857142857143,2.784584539986634e-05,26.5,979
43138,39.52225,-82.41335,0.23578787682164376,931,59.535,0.00017774617845716317,42.1,8599
43140,39.88406,-83.42946,0.24366535310298004,1130,56.13285714285714,0.00017774617845716317,42.4,8621
43143,39.71801,-83.29672,0.2575669050189128,1052,41.558,0.00017774617845716317,16.2,2259
43145,39.56281,-83.2594,0.26756399201187,937,54.7545,0.00017774617845716317,15.4,836
43146,39.77293,-83.14333,0.18974570806391697,1419,54.7545,0.00017774617845716317,66.1,3866
43147,39.8982,-82.74227,0.2649475421880026,1569,63.3425,0.0002633658151171978,592.8,20166
43148,39.81809,-82.49887,0.20293687607130395,784,77.56,0.0002633658151171978,27.7,814
43149,39.53742,-82.57188,0.15627111488546797,696,53.457499999999996,0.00017774617845716317,15.4,1076
43150,39.77446,-82.40565,0.2081384797097666,902,54.668,0.0002633658151171978,35.4,988
43151,39.73317,-83.47661,0.2579410073290906,529,41.558,0.00017774617845716317,331.4,93
43152,39.39211,-82.61433,0.19619603240100214,506,53.457499999999996,0.00017774617845716317,6.5,248
43153,39.74071,-83.56781,0.29023339544507154,1059,41.558,0.00017774617845716317,8.9,444
43154,39.60327,-82.82622,0.3121013456307861,908,54.668,0.0002633658151171978,50.5,1532
43155,39.6251,-82.52618,0.2559145121051109,1207,61.725,0.0002633658151171978,31.5,895
43156,39.55389,-82.77621,0.4801579464489404,700,54.7545,0.00017774617845716317,214.4,84
43157,39.84303,-82.54675,0.23824614799032087,811,54.668,0.0002633658151171978,599.8,177
43160,39.52871,-83.43917,0.22972935737572148,781,58.165,0.00017774617845716317,39.8,9016
43162,39.94369,-83.30633,0.25966029300608046,1016,28.123333333333335,0.00017774617845716317,54.6,3200
43164,39.58349,-83.12009,0.2553956859758916,962,28.80666666666667,0.00017774617845716317,12.8,1020
43201,39.99114,-83.00056,0.10538210722730323,1629,47.395,2.784584539986634e-05,4281.5,17482
43202,40.02126,-83.01394,0.1705112733294365,1447,28.290000000000003,2.784584539986634e-05,3080.7,12093
43203,39.9729,-82.96922,0.1553838359767586,1162,55.412,2.784584539986634e-05,2436.6,3543
43204,39.96135,-83.08052,0.25751425387755733,908,63.56125,2.3018138292974866e-05,1793.5,18932
43205,39.9575,-82.96244,0.15400049727421536,1285,44.26857142857143,2.784584539986634e-05,2003.5,5279
43206,39.94205,-82.97346,0.22231557317981365,1062,61.7125,2.784584539986634e-05,2816.6,11322
43207,39.89599,-82.96392,0.25611675859761646,851,54.803999999999995,2.1362956633198035e-05,781.7,20050
43209,39.95462,-82.92992,0.192566375036269,1552,49.86875,3.5172874679047515e-05,1793.5,12911
43211,40.01163,-82.97244,0.21339907632833185,663,55.57714285714286,2.784584539986634e-05,1884.4,7587
43212,39.98763,-83.04215,0.14940702308562448,1778,52.45,4.3305040706738266e-05,2386.1,13536
43213,39.97117,-82.86746,0.22195985973987828,923,50.19166666666666,2.784584539986634e-05,1343.1,15682
43214,40.0523,-83.01996,0.20336537495227136,1550,23.25,2.784584539986634e-05,1497.1,12593
43215,39.96633,-83.01262,0.17542368556898807,2038,53.254,5.882698982293076e-05,1276.8,10242
43217,39.81667,-82.93279,0.43176161240129096,721,52.61857142857143,2.784584539986634e-05,181.6,820
43219,40.00774,-82.92233,0.2331861629485933,887,58.56142857142857,2.784584539986634e-05,787.3,11588
43220,40.04847,-83.07161,0.19219638898472466,1754,45.13,2.784584539986634e-05,1735.2,14033
43221,40.02334,-83.07744,0.22990657822864125,1807,62.221666666666664,2.784584539986634e-05,1417.9,16183
43222,39.961,-83.03581,0.13707885586836124,844,63.812,2.784584539986634e-05,1144.2,1366
43223,39.92636,-83.03395,0.25391024658456923,797,43.775,2.784584539986634e-05,1058.7,9712
43224,40.04256,-82.9664,0.21334093764821266,843,43.20777777777778,2.784584539986634e-05,2060.4,18191
43227,39.94511,-82.88858,0.19583548084678412,829,35.924,2.784584539986634e-05,2352.8,9130
43228,39.96367,-83.12478,0.2374489125343636,1115,52.61857142857143,2.784584539986634e-05,1137.6,25593
43229,40.08569,-82.97636,0.1753685795093106,1096,32.27833333333333,1.8437597949739107e-05,2317.0,25189
43230,40.03648,-82.87057,0.23773876093797147,1409,51.534285714285716,2.784584539986634e-05,1126.3,28716
43231,40.07843,-82.93914,0.22482005381763762,1204,78.2325,2.784584539986634e-05,2110.2,10350
43232,39.92189,-82.87053,0.20464162100492728,1031,60.3925,2.784584539986634e-05,1453.3,20787
43235,40.10193,-83.05442,0.21244918100002066,1468,45.751666666666665,2.784584539986634e-05,1232.5,20834
43240,40.14501,-82.98209,0.24147539448750616,1259,45.68214285714286,0.00017774617845716317,1144.3,4004
43302,40.59995,-83.12967,0.3041462295217376,811,49.27,0.00017774617845716317,108.1,19956
43310,40.5346,-83.78029,0.2187723238035761,901,61.625,0.00017774617845716317,18.0,1201
43311,40.36427,-83.75812,0.26487548087223634,986,57.98833333333334,0.00017774617845716317,74.7,8537
43314,40.6474,-82.96122,0.3282545758830466,959,52.449999999999996,0.00017774617845716317,17.8,1539
43315,40.4841,-82.87872,0.23117751491354063,980,43.515,0.00017774617845716317,32.1,3626
43316,40.95184,-83.38596,0.3692585812568926,833,23.560000000000002,0.00017774617845716317,31.0,3164
43318,40.30948,-83.91378,0.29001839810222574,852,21.3,0.00017774617845716317,24.5,1618
43319,40.30525,-83.57738,0.27805766997984505,935,53.68666666666667,0.00017774617845716317,22.9,409
43320,40.5886,-82.89994,0.20605657137535252,821,44.2675,0.00017774617845716317,18.8,427
43321,40.463,-82.82889,0.2862051827366489,915,44.2675,0.00017774617845716317,900.8,193
43322,40.5327,-83.20815,0.37437813049169916,728,50.485,0.00017774617845716317,589.2,170
43323,40.73116,-83.25211,0.336755806270086,668,44.65,0.00017774617845716317,6.1,258
43324,40.44632,-83.81207,0.24662439882322584,955,53.68666666666667,0.00017774617845716317,37.8,1239
43326,40.64149,-83.61443,0.2865355790969446,727,61.8425,0.00017774617845716317,26.1,5164
43331,40.51794,-83.9191,0.25973182489840874,666,53.68666666666667,0.00017774617845716317,50.2,1635
43332,40.58369,-83.37769,0.2364846005218975,738,50.485,0.00017774617845716317,11.1,649
43333,40.43927,-83.93221,0.29973451830766673,988,57.879999999999995,0.00017774617845716317,12.9,389
43334,40.39912,-82.79863,0.21839388279774963,1221,14.796666666666667,0.00017774617845716317,37.1,2882
43337,40.68336,-83.24107,0.22615898548213131,702,50.485,0.00017774617845716317,6.5,295
43338,40.56207,-82.75958,0.24312826265156812,920,45.02,0.00017774617845716317,42.2,4804
43340,40.53748,-83.48,0.2963878394862024,754,78.0,0.00017774617845716317,17.4,851
43341,40.59577,-83.31544,0.2955137377686229,561,50.485,0.00017774617845716317,17.4,424
43342,40.47533,-83.17994,0.310633718226819,1012,50.485,0.00017774617845716317,32.2,1753
43343,40.3073,-83.97647,0.24358379802865504,908,53.68666666666667,0.00017774617845716317,15.5,492
43344,40.43219,-83.33832,0.2590367301336364,1178,39.17666666666667,0.00017774617845716317,23.8,2745
43345,40.51341,-83.58167,0.3302143025847203,1068,53.68666666666667,0.00017774617845716317,8.5,494
43347,40.47771,-83.65804,0.3079512510346629,764,53.68666666666667,0.00017774617845716317,13.7,592
43348,40.46754,-83.88857,0.18358229684611832,738,53.68666666666667,0.00017774617845716317,310.8,775
43351,40.82501,-83.30424,0.3058138074070917,776,56.075,0.00017774617845716317,26.5,5118
43356,40.45748,-83.04788,0.25507959762745586,1331,50.485,0.00017774617845716317,16.8,469
43357,40.25316,-83.74711,0.24440639067300424,1147,49.49333333333333,0.00017774617845716317,26.7,1817
43358,40.41898,-83.53129,0.28469565665640056,928,40.21976190476191,0.00017774617845716317,16.6,1139
43359,40.86977,-83.45319,0.3668285314037992,529,44.65,0.00017774617845716317,11.0,297
43360,40.33272,-83.63114,0.25636816924990535,1319,53.68666666666667,0.00017774617845716317,23.3,761
43402,41.40957,-83.65389,0.17929040466587354,1097,31.978571428571428,0.00017774617845716317,110.0,16166
43406,41.33605,-83.4372,0.36737365245799064,599,49.416666666666664,0.00017774617845716317,30.6,603
43407,41.27717,-83.24994,0.3071013418789718,577,56.69083333333334,0.00017774617845716317,11.6,192
43410,41.30792,-82.95807,0.2948266335242847,816,46.78,0.00017774617845716317,77.9,4706
43412,41.62933,-83.31961,0.43380529453002964,972,47.72,3.268294277216721e-05,57.4,1951
43413,41.24205,-83.65476,0.4171308636805172,814,49.416666666666664,0.00017774617845716317,12.7,494
43416,41.48532,-83.27055,0.3534887376212344,1005,90.79,0.00017774617845716317,38.9,1327
43420,41.35749,-83.11265,0.31421649681639685,769,53.48500000000001,0.00017774617845716317,83.3,12929
43430,41.5238,-83.37329,0.3311114482649291,871,53.35666666666666,0.00017774617845716317,74.5,2042
43431,41.38998,-83.33964,0.36557626577614905,927,59.89666666666667,0.00017774617845716317,35.8,2275
43432,41.56115,-83.24934,0.43784621203845236,992,65.50666666666667,0.00017774617845716317,22.6,512
43435,41.32634,-83.31197,0.3430453289959035,922,56.69083333333334,0.00017774617845716317,15.5,475
43437,41.25396,-83.60176,0.35970653293673466,850,49.416666666666664,0.00017774617845716317,222.2,195
43438,41.60343,-82.70268,0.20826208023660445,800,57.113214285714285,0.00017774617845716317,17.6,95
43440,41.52662,-82.78145,0.17660590620519354,641,36.169999999999995,0.00017774617845716317,100.4,1603
43442,41.42911,-83.21496,0.30140887308507314,700,56.69083333333334,0.00017774617845716317,17.3,374
43443,41.46099,-83.46906,0.4041926943961318,939,49.416666666666664,0.00017774617845716317,48.0,901
43445,41.58644,-83.29488,0.4180908471577239,1282,65.50666666666667,0.00017774617845716317,15.3,620
43446,41.68483,-82.80863,0.17757380547694412,725,65.50666666666667,0.00017774617845716317,11.7,16
43447,41.56654,-83.43429,0.3630307629467987,944,65.5,0.00017774617845716317,70.4,1577
43449,41.5357,-83.14151,0.3048960852194433,970,66.56,0.00017774617845716317,37.1,3665
43450,41.40013,-83.49324,0.31676188230591423,859,49.416666666666664,0.00017774617845716317,34.1,1693
43451,41.31551,-83.61614,0.4051272486877539,1048,49.416666666666664,0.00017774617845716317,15.6,572
43452,41.51568,-82.96522,0.19640791279330594,849,65.50666666666667,0.00017774617845716317,117.4,5892
43456,41.64934,-82.82497,0.1803797056533594,1161,65.50666666666667,0.00017774617845716317,114.3,252
43457,41.26788,-83.42508,0.33633134810406284,941,49.416666666666664,0.00017774617845716317,24.3,627
43460,41.60392,-83.56328,0.3986216060090721,1156,56.685,0.00017774617845716317,914.6,3333
43462,41.28352,-83.71887,0.43691258001293026,913,49.416666666666664,0.00017774617845716317,15.6,491
43464,41.40318,-82.93116,0.2208930541525534,729,56.69083333333334,0.00017774617845716317,21.8,858
43465,41.56593,-83.50489,0.2668124371567138,824,49.416666666666664,0.00017774617845716317,177.7,2501
43466,41.29234,-83.51394,0.44139431838479726,1092,49.416666666666664,0.00017774617845716317,37.0,1138
43469,41.45947,-83.36474,0.3369437292424922,1033,69.755,0.00017774617845716317,50.4,1263
43501,41.66966,-84.46095,0.3437178987175321,522,65.235,0.00017774617845716317,11.1,298
43502,41.53181,-84.30201,0.29081471912190804,844,70.08333333333333,0.00017774617845716317,36.7,3020
43504,41.69736,-83.8369,0.3093731959217675,958,45.93416666666667,3.268294277216721e-05,27.7,443
43506,41.46739,-84.55704,0.295947869331281,685,74.875,0.00017774617845716317,54.8,7103
43511,41.26384,-83.82376,0.39553308910541457,870,49.416666666666664,0.00017774617845716317,8.1,467
43512,41.30309,-84.35874,0.36831135248913044,794,57.9,0.00017774617845716317,49.5,13408
43515,41.58656,-84.00746,0.32384067258269006,967,35.97666666666667,0.00017774617845716317,38.4,3675
43516,41.21579,-83.91081,0.3611676352774252,860,28.7875,0.00017774617845716317,16.0,1331
43517,41.44003,-84.72833,0.2776692556538095,730,67.25999999999999,0.00017774617845716317,20.8,1797
43518,41.58977,-84.75385,0.413766789933149,883,80.875,0.00017774617845716317,16.9,1304
43521,41.66377,-84.29717,0.31052195707223323,792,85.10499999999999,0.00017774617845716317,15.7,1325
43522,41.42058,-83.84352,0.33008122248812066,1116,49.416666666666664,0.00017774617845716317,44.8,1673
43524,41.22839,-84.039,0.3863379134260409,695,53.47,0.00017774617845716317,12.3,410
43525,41.46663,-83.70098,0.2955082764548628,1334,49.416666666666664,0.00017774617845716317,599.7,510
43526,41.31339,-84.73024,0.33326002309798763,906,15.763333333333334,0.00017774617845716317,31.8,2559
43527,41.25121,-84.1593,0.36873495069981777,754,3.1149999999999998,0.00017774617845716317,16.0,914
43528,41.62908,-83.74923,0.27619568528274513,1409,44.10333333333333,3.268294277216721e-05,344.9,7471
43532,41.45486,-83.97008,0.307865074438561,1073,57.669999999999995,0.00017774617845716317,29.9,1730
43533,41.69335,-84.07997,0.2748798956876792,919,66.72666666666666,0.00017774617845716317,25.4,645
43534,41.35446,-83.92914,0.4217105446436958,954,28.7875,0.00017774617845716317,16.1,706
43535,41.30592,-84.02416,0.27549245770717795,858,28.7875,0.00017774617845716317,13.8,252
43536,41.31345,-84.634,0.40634898723873364,857,45.333333333333336,0.00017774617845716317,5.8,127
43537,41.57433,-83.68542,0.28627624318352995,1287,60.6,3.268294277216721e-05,615.7,13667
43540,41.69545,-83.943,0.43331698357620413,1026,75.56666666666668,0.00017774617845716317,31.8,813
43542,41.56642,-83.76531,0.32893273784422494,1873,38.81,3.268294277216721e-05,116.2,1824
43543,41.60575,-84.6338,0.3531019688774426,706,46.7,0.00017774617845716317,34.1,3395
43545,41.39163,-84.12719,0.29491536588436795,808,4.105,0.00017774617845716317,41.1,6496
43547,41.49214,-83.87634,0.8554661461285361,1287,45.93416666666667,3.268294277216721e-05,549.1,367
43548,41.18867,-84.17296,0.45199263050087884,701,28.7875,0.00017774617845716317,13.7,429
43549,41.37519,-84.51818,0.4319779235461509,793,45.333333333333336,0.00017774617845716317,18.0,633
43551,41.52095,-83.57503,0.2596971977775984,1397,36.238,0.00017774617845716317,216.7,19705
43554,41.66024,-84.56239,0.29848759593074303,797,56.38,0.00017774617845716317,22.8,1022
43556,41.30575,-84.56984,0.39613913235667964,821,45.333333333333336,0.00017774617845716317,21.1,667
43557,41.48354,-84.39693,0.3748430114705012,897,65.235,0.00017774617845716317,29.7,1214
43558,41.5935,-83.8781,0.2683904044766564,880,22.155,0.00017774617845716317,60.0,6008
43560,41.70067,-83.73799,0.30510712041291693,1458,44.85625,3.268294277216721e-05,600.2,13946
43565,41.42044,-83.74011,0.38015822497197543,1135,4.98,0.00017774617845716317,736.5,224
43566,41.49467,-83.75838,0.26268435496893305,1323,74.85,3.268294277216721e-05,175.4,3421
43567,41.57592,-84.15248,0.284977823557352,978,63.370000000000005,0.00017774617845716317,43.5,6053
43569,41.3513,-83.78844,0.3747107918341528,967,49.416666666666664,0.00017774617845716317,30.7,1343
43570,41.58616,-84.44116,0.3434426787290185,835,32.98,0.00017774617845716317,24.3,1419
43571,41.51574,-83.81796,0.23247212761959676,1240,33.78,3.268294277216721e-05,126.1,3009
43604,41.65217,-83.53977,0.22749533977575112,440,42.93666666666667,3.268294277216721e-05,1330.5,2794
43605,41.64734,-83.50722,0.5154699802610452,530,36.693333333333335,3.268294277216721e-05,1315.2,8544
43606,41.67178,-83.61085,0.2851946971435137,1010,51.917142857142856,3.268294277216721e-05,1474.2,11498
43607,41.64761,-83.60582,0.4298618397762066,593,52.39,3.268294277216721e-05,1064.2,8535
43608,41.68008,-83.53062,0.5727265981303904,477,46.47833333333333,3.268294277216721e-05,1647.4,4596
43609,41.62849,-83.57824,0.5584999583316029,583,61.85666666666666,3.268294277216721e-05,1641.7,8398
43610,41.67775,-83.5614,0.597614339963679,471,69.96000000000001,3.268294277216721e-05,1261.6,1523
43611,41.70241,-83.49154,0.3498196418442138,768,68.27666666666667,3.268294277216721e-05,996.1,7632
43612,41.70946,-83.54899,0.3896678966030156,767,75.864,3.268294277216721e-05,945.9,12755
43613,41.70628,-83.60374,0.37852435092480563,920,45.034285714285716,3.268294277216721e-05,1928.6,15283
43614,41.60336,-83.62715,0.2603639352164052,992,45.39,3.268294277216721e-05,1263.6,13387
43615,41.65045,-83.67255,0.29076093996756164,941,39.635,3.268294277216721e-05,955.9,17401
43616,41.65727,-83.40931,0.30392975917317766,933,61.252500000000005,3.268294277216721e-05,205.1,9493
43617,41.66416,-83.72808,0.34596416604068203,1451,45.93416666666667,3.268294277216721e-05,633.1,3866
43619,41.60424,-83.47348,0.3770857362781726,1046,32.84,0.00017774617845716317,237.2,3860
43620,41.66519,-83.5547,0.32343556618663893,841,1.72,3.268294277216721e-05,1812.5,1567
43623,41.70419,-83.65095,0.31452331955841895,972,43.6625,3.268294277216721e-05,1175.2,9670
43701,39.95986,-81.99498,0.25090860292054756,754,47.93666666666667,0.00017774617845716317,119.1,23724
43713,39.98979,-81.17368,0.40050913058871707,639,31.513333333333332,0.00017774617845716317,27.7,2876
43716,39.83683,-81.00752,0.25542953942254565,377,59.22,0.00017774617845716317,11.7,548
43718,40.00926,-81.00596,0.3999717163819091,678,78.87,0.00017774617845716317,18.9,1167
43719,39.98907,-81.07938,0.3261535762420447,601,35.42666666666666,0.00017774617845716317,28.5,1063
43720,39.79272,-81.86886,0.2920546428320431,614,43.480000000000004,0.00017774617845716317,8.9,483
43723,39.96022,-81.5412,0.3035422387598682,590,48.93666666666667,0.00017774617845716317,110.4,1835
43724,39.73267,-81.5166,0.2934785347612423,480,39.1,0.00017774617845716317,22.4,2450
43725,40.03949,-81.59934,0.2894575240514809,793,64.68666666666667,0.00017774617845716317,61.3,8411
43727,39.8714,-81.79884,0.22869330479093974,613,43.480000000000004,0.00017774617845716317,6.3,574
43728,39.49188,-81.89676,0.32801265630318993,501,51.226666666666674,0.00017774617845716317,12.4,455
43730,39.6294,-82.09435,0.515241866031949,551,29.25,0.00017774617845716317,23.5,1201
43731,39.72768,-82.0675,0.33370649640488187,676,82.66666666666667,0.00017774617845716317,36.9,2013
43732,39.84409,-81.65883,0.3300651905430545,553,48.93666666666667,0.00017774617845716317,9.0,533
43734,39.88144,-81.90489,0.4497614771443855,1239,68.84,0.00017774617845716317,199.3,831
43735,39.85437,-82.11917,-4309.635177852939,856,43.480000000000004,0.00017774617845716317,277.2,69
43739,39.90693,-82.29025,0.29640514887145775,1452,88.05,0.00017774617845716317,30.4,1331
43746,39.97146,-82.17287,0.20289078809396563,-666666666,43.480000000000004,0.00017774617845716317,24.2,311
43747,39.85784,-81.12128,0.32284740076304436,462,35.42666666666666,0.00017774617845716317,15.5,480
43748,39.69788,-82.30899,0.3122975614895358,615,92.2,0.00017774617845716317,31.0,1091
43749,40.15932,-81.56411,0.3485163042981956,476,48.93666666666667,0.00017774617845716317,7.9,691
43755,40.0537,-81.43318,0.2790973124395212,675,25.05666666666667,0.00017774617845716317,15.7,558
43756,39.68993,-81.79574,0.2865270384839222,470,65.23,0.00017774617845716317,16.0,1936
43758,39.62482,-81.9432,0.298949550368104,487,56.02,0.00017774617845716317,13.1,1079
43759,40.06393,-81.06942,0.49784801060654343,377,35.42666666666666,0.00017774617845716317,140.6,94
43760,39.8858,-82.19577,0.17124004164068857,649,82.66666666666667,0.00017774617845716317,17.3,541
43762,40.03156,-81.74007,0.28715716273921515,1147,32.70333333333333,0.00017774617845716317,26.3,2528
43764,39.71485,-82.19239,0.2566550031039003,730,46.25666666666666,0.00017774617845716317,50.6,2901
43766,39.59492,-82.2501,0.5519354692690176,604,82.66666666666667,0.00017774617845716317,12.4,485
43767,40.00653,-81.80198,0.25318436047735193,689,43.480000000000004,0.00017774617845716317,16.6,550
43771,39.83586,-81.94135,0.2885649780071826,900,20.23,0.00017774617845716317,37.3,914
43772,39.88063,-81.52448,0.48249024448982714,652,39.1,0.00017774617845716317,18.5,801
43773,39.98758,-81.29636,0.23086908286652752,494,48.93666666666667,0.00017774617845716317,10.3,908
43777,39.81896,-82.08543,0.3430219170796316,713,43.480000000000004,0.00017774617845716317,32.4,1891
43778,40.01111,-81.37001,0.3020282140032882,643,48.93666666666667,0.00017774617845716317,15.1,454
43779,39.81718,-81.42528,0.2707807366610973,-666666666,21.68,0.00017774617845716317,8.3,268
43780,39.92229,-81.44024,0.3672375483888753,661,48.93666666666667,0.00017774617845716317,21.7,689
43783,39.80389,-82.28878,0.22896213341153468,825,99.49,0.00017774617845716317,34.0,2033
43787,39.53292,-81.80554,0.34685843637405817,557,37.21,0.00017774617845716317,13.7,1260
43788,39.80175,-81.3334,0.1605530751881183,666,39.1,0.00017774617845716317,5.9,204
43793,39.74362,-81.10219,0.32278727818040354,489,47.519999999999996,0.00017774617845716317,17.9,1609
43802,40.09346,-81.85687,0.3127607269125748,830,3.26,0.00017774617845716317,13.0,559
43804,40.4545,-81.73704,0.19509711648914507,672,25.95,0.00017774617845716317,44.1,1520
43811,40.18285,-81.93232,0.30098446892214353,459,57.37,0.00017774617845716317,8.9,228
43812,40.27268,-81.88347,0.31636660166882485,643,23.393333333333334,0.00017774617845716317,46.0,7098
43821,40.13559,-82.00695,0.2740749978903472,821,63.843333333333334,0.00017774617845716317,20.4,2069
43822,40.17409,-82.16958,0.22404347330198243,712,64.51,0.00017774617845716317,19.7,1779
43824,40.36407,-81.76116,0.1810679967617844,864,57.37,0.00017774617845716317,20.4,1629
43830,40.06116,-82.14812,0.2587527618731628,1188,22.24,0.00017774617845716317,50.2,3017
43832,40.27333,-81.57931,0.32942532679087405,538,38.5,0.00017774617845716317,27.1,2916
43837,40.29773,-81.47846,0.25448940306000406,663,76.11,0.00017774617845716317,14.3,749
43843,40.33485,-82.17711,0.13719255826586363,663,57.37,0.00017774617845716317,5.0,376
43844,40.33349,-82.05163,0.2635479312069356,763,90.25999999999999,0.00017774617845716317,11.8,1790
43845,40.25692,-81.73144,0.2983677666161256,663,57.37,0.00017774617845716317,65.1,2112
43901,40.21691,-80.86637,0.550441731059529,613,25.49,0.00017774617845716317,27.0,768
43903,40.47042,-80.95131,0.43974601016889225,720,52.28666666666667,0.0008869179600886918,23.3,837
43906,40.0132,-80.80118,0.4402383753097775,575,36.913333333333334,0.00017774617845716317,94.7,3228
43907,40.25697,-81.0205,0.39307453105193507,647,48.78,0.00017774617845716317,11.5,1847
43908,40.50867,-80.87349,0.5607443824599131,465,59.79,0.00017774617845716317,13.4,395
43910,40.37039,-80.8214,0.3517161111245706,633,50.78,0.00017774617845716317,22.7,1496
43912,40.08708,-80.79255,0.5245162117507792,585,43.03,0.00017774617845716317,126.3,2474
43913,40.27048,-80.63154,0.49707316489418,597,1.11,0.00017774617845716317,169.6,547
43915,39.75775,-80.89729,0.3842425717106543,640,53.37,0.00017774617845716317,9.1,497
43917,40.22396,-80.80546,0.6770794536108193,563,50.78,0.00017774617845716317,31.6,1130
43920,40.67608,-80.57965,0.43512800663635964,611,51.589999999999996,0.0002728885250375222,194.8,8954
43930,40.56978,-80.77372,0.28222435002676527,791,90.77,0.00017774617845716317,12.9,483
43932,40.53145,-80.74699,0.6785745629066848,695,50.78,0.00017774617845716317,20.0,359
43933,39.93917,-80.89588,0.3721790183730652,592,35.42666666666666,0.00017774617845716317,16.8,583
43935,40.1247,-80.75225,0.48491889485403256,666,60.97333333333333,0.00017774617845716317,158.3,3600
43938,40.30138,-80.67199,0.5667970490032875,609,62.834999999999994,0.00017774617845716317,64.4,2345
43942,39.86367,-80.84875,0.5058213267850424,711,33.94,0.00017774617845716317,38.6,1356
43943,40.2242,-80.73269,0.41192505745505015,490,16.134999999999998,0.00017774617845716317,28.2,1147
43944,40.43623,-80.76853,0.3901069176089668,853,50.78,0.00017774617845716317,32.0,848
43945,40.63156,-80.84797,0.40307528882961385,593,70.38333333333334,0.0002728885250375222,15.0,1187
43947,39.95448,-80.78755,0.40939141985864286,670,33.7,0.00017774617845716317,109.7,2452
43950,40.09164,-80.92193,0.3543253150130991,734,27.75333333333333,0.00017774617845716317,77.6,5968
43952,40.39763,-80.66278,0.4040580853356441,682,34.083333333333336,0.00017774617845716317,267.1,6663
43953,40.35815,-80.70548,0.3818297080009554,802,17.435,0.00017774617845716317,247.4,4410
43963,40.17155,-80.69698,0.4205950010795802,481,56.01,0.00017774617845716317,1043.3,588
43964,40.48695,-80.66928,0.3718902109957964,638,59.92,0.00017774617845716317,74.0,3716
43968,40.63365,-80.68729,0.5206331997007323,632,43.394999999999996,0.0002728885250375222,73.3,2705
43971,40.15811,-80.71301,0.4271560765428718,642,50.78,0.00017774617845716317,309.2,449
43973,40.19111,-81.27688,0.34281281366807764,594,48.78,0.00017774617845716317,10.4,833
43976,40.36981,-80.90655,0.317433734392321,647,48.78,0.00017774617845716317,25.4,602
43977,40.14519,-81.10451,0.5466256136990095,533,35.42666666666666,0.00017774617845716317,18.9,991
43983,40.13886,-81.20296,0.5520266361590419,375,35.42666666666666,0.00017774617845716317,13.8,159
43986,40.3784,-80.99036,0.4613911373861468,672,48.78,0.00017774617845716317,15.7,822
43988,40.40486,-81.09925,0.3390763074582921,685,48.78,0.00017774617845716317,16.6,818
44001,41.36825,-82.25958,0.2914868989487998,1043,42.42666666666667,3.9283469516027656e-05,245.5,9802
44003,41.6202,-80.58361,0.8060758143792052,634,84.37,6.128577557148986e-05,27.8,1429
44004,41.85255,-80.78738,0.3017665824484272,643,50.88,6.128577557148986e-05,162.0,11868
44010,41.76087,-80.85152,0.22386626290866912,987,88.55,6.128577557148986e-05,30.0,595
44011,41.44855,-82.0187,0.24530572556284763,1632,45.91,0.00011960768678733753,465.9,10146
44012,41.49443,-82.01594,0.22644233708280045,1376,48.91833333333333,3.9283469516027656e-05,883.1,10972
44017,41.36867,-81.86303,0.26122236516805136,1050,32.705,0.002557405593644575,1155.0,8024
44021,41.44141,-81.14579,0.25703522573002235,988,60.87,0.0004663309084126096,54.9,2748
44022,41.44747,-81.4045,0.23760679763680856,2050,41.97,0.00042273084123437406,212.0,6473
44023,41.38732,-81.28858,0.24485435503820668,1739,50.296666666666674,0.0001057921184871727,141.4,7936
44024,41.57668,-81.19112,0.26791467904743055,1363,37.495000000000005,0.0004663309084126096,104.5,11037
44026,41.53182,-81.3305,0.2455025188759144,1226,45.92666666666667,0.0004663309084126096,143.4,4892
44028,41.30986,-81.93959,0.2138562909720254,1165,44.02333333333333,3.9283469516027656e-05,106.9,4194
44030,41.8973,-80.58061,0.3812581434556021,680,62.80666666666667,6.128577557148986e-05,107.3,5747
44032,41.6658,-80.66954,-3657.038252662326,1107,62.80666666666667,6.128577557148986e-05,21.0,557
44035,41.36539,-82.13025,0.2671869498772112,831,31.33125,3.224558235521733e-05,503.5,28069
44039,41.38404,-82.02014,0.25383822400771083,1243,27.516666666666666,2.7597626604112046e-05,580.7,15707
44040,41.53128,-81.4112,0.26973907889720194,2279,37.23,0.015178356349631675,119.2,1275
44041,41.77579,-80.95223,0.2539247474219317,740,81.52250000000001,6.128577557148986e-05,83.0,6442
44044,41.26779,-82.04188,0.25593073287041673,1093,65.79666666666667,3.9283469516027656e-05,102.9,5509
44045,41.7461,-81.28512,0.4054586660510037,879,38.766666666666666,6.273807025895657e-05,232.3,435
44046,41.54157,-81.07227,0.21350455105834895,917,45.92666666666667,0.0004663309084126096,43.1,796
44047,41.71887,-80.73921,0.26873081487909534,821,46.17666666666667,6.128577557148986e-05,30.2,4035
44048,41.84697,-80.64343,0.25916709404499555,716,32.74,6.128577557148986e-05,32.1,872
44049,41.26626,-82.30553,0.35242519735892885,733,44.96666666666667,3.9283469516027656e-05,254.8,87
44050,41.24853,-82.13119,0.2800629090563386,1187,55.43666666666667,3.9283469516027656e-05,108.9,3122
44052,41.45519,-82.16133,0.2937703602331348,732,62.07375,3.5629030534079165e-05,1141.0,9949
44053,41.42694,-82.22138,0.24520463423193486,1064,25.9,9.408665380815732e-05,757.7,9204
44054,41.46419,-82.0931,0.3221214849577704,959,56.7725,3.9283469516027656e-05,392.7,6497
44055,41.43309,-82.13354,0.29511361691478877,568,30.954285714285714,0.00010065425264217414,1217.8,7706
44056,41.31465,-81.49868,0.29323317056223336,1409,22.174999999999997,0.000411793773678142,480.3,5848
44057,41.76675,-81.05965,0.28119709764082107,974,17.82,6.273807025895657e-05,150.2,8819
44060,41.67742,-81.32806,0.2885708298178394,1000,54.79333333333333,3.31911645120069e-05,582.7,28096
44062,41.45899,-81.02698,0.23200199678425817,1018,25.51,0.0004663309084126096,84.5,5978
44064,41.60567,-81.0477,0.23694992440113938,1157,45.92666666666667,0.0004663309084126096,21.7,742
44065,41.46308,-81.24408,0.27560756215697635,1078,45.92666666666667,0.0004663309084126096,70.4,2034
44067,41.31386,-81.5476,0.28401576376648524,1127,45.265,5.020836471356128e-05,447.2,8879
44068,41.90619,-80.67886,-3631.0184191976296,1094,62.80666666666667,6.128577557148986e-05,112.0,106
44070,41.41493,-81.91905,0.28277983928089595,1147,49.586666666666666,0.0008429334082607474,1059.5,14432
44072,41.47196,-81.32917,0.2215486685740979,1603,45.92666666666667,0.0005966587112171838,105.2,2496
44074,41.28858,-82.23643,0.24154643414510246,923,59.34,3.9283469516027656e-05,88.6,4631
44076,41.52728,-80.81867,0.22991698371611033,799,31.653333333333332,6.128577557148986e-05,27.6,2299
44077,41.69933,-81.21142,0.29722114504518704,1158,62.2275,6.273807025895657e-05,369.6,25705
44081,41.76589,-81.14551,0.27916210106340156,1249,38.766666666666666,6.273807025895657e-05,130.0,3322
44082,41.76012,-80.56558,0.24298286648608788,581,62.80666666666667,6.128577557148986e-05,16.1,785
44084,41.67242,-80.89605,0.24214399023677277,1028,80.58,6.128577557148986e-05,36.0,1588
44085,41.60463,-80.87128,0.24248917785252655,884,62.80666666666667,6.128577557148986e-05,26.3,1536
44086,41.67443,-81.05599,0.2763803334589188,1171,45.92666666666667,0.0004663309084126096,34.8,960
44087,41.31706,-81.44106,0.2449700794001076,1425,16.415,0.00031919744642042863,471.1,10632
44089,41.38894,-82.36552,0.27401302252505294,1072,61.735,0.00017774617845716317,177.3,7171
44090,41.16757,-82.22836,0.269240522584121,1053,37.785,3.9283469516027656e-05,39.6,4458
44092,41.59797,-81.46867,0.3278965212071564,885,38.085,6.273807025895657e-05,915.1,8100
44093,41.53478,-80.61637,0.429402873466728,863,62.80666666666667,6.128577557148986e-05,12.9,463
44094,41.60985,-81.3791,0.24354262466869683,1099,32.142857142857146,6.273807025895657e-05,357.0,17258
44095,41.65223,-81.44209,0.31864785824835207,937,40.98833333333334,9.228497600590623e-05,1377.2,15567
44099,41.55125,-80.97446,0.19307958425156319,834,62.80666666666667,6.128577557148986e-05,40.4,961
44102,41.4749,-81.73751,0.25394302731161617,704,58.154444444444444,2.0155059983075314,2547.6,16581
44103,41.51559,-81.64301,0.291850985028614,470,46.82,3.1089576074332173,1308.4,4412
44104,41.48238,-81.62702,0.24435296393300665,566,22.512,2.2074964495840943,1621.9,5210
44105,41.45069,-81.63032,0.44009543549463326,556,61.879999999999995,1.9732597877570597,1445.0,12278
44106,41.5062,-81.60679,0.17506390531329186,1224,56.65428571428571,1.2207334844559585,2219.0,8731
44107,41.48263,-81.80025,0.20486946522710325,1284,54.5325,0.0030962210225468404,3616.0,26741
44108,41.53992,-81.60988,0.40974040777574255,603,34.995,2.0996161135137763,1780.4,6785
44109,41.44457,-81.69681,0.2616622766593669,782,39.65,1.7065462753950338,2073.7,16525
44110,41.56365,-81.57111,0.30385036807978943,599,41.12714285714286,2.0884921297068804,1676.5,6249
44111,41.45775,-81.78986,0.29794547755935946,876,42.70777777777778,1.3298122653316646,2355.7,18545
44112,41.53562,-81.57369,0.3263847302068804,747,53.51571428571428,0.44433028713567296,1779.6,6309
44113,41.48343,-81.69638,0.21627429819818886,1299,37.26,2.278862327335746,1977.3,9317
44114,41.5137,-81.67625,0.19245399617151288,468,42.20666666666667,3.7815845824411136,946.8,3374
44115,41.49211,-81.66999,0.11330938946435419,1084,64.625,2.5210318606218114,1897.1,2996
44116,41.47011,-81.85194,0.2170849149363579,1358,87.3,0.002415571143215497,1700.1,9211
44117,41.57145,-81.52695,0.2537139253744117,1030,54.92666666666667,0.03304812834224599,949.8,3868
44118,41.5016,-81.55653,0.2823622106364799,1339,59.766,0.001906459679615737,2212.2,17063
44119,41.58673,-81.54748,0.3006604707577213,950,48.82,0.6921822897369396,2345.9,5681
44120,41.47337,-81.58015,0.3213727517988905,961,41.04875,1.1652856392600806,2526.8,13195
44121,41.52626,-81.53246,0.3465707322030848,1032,35.86,0.06670135912819884,1983.2,14515
44122,41.4701,-81.51272,0.25522408375800176,1582,44.2825,0.055357142857142855,1145.0,15064
44123,41.60365,-81.52441,0.33405754637432417,865,29.69333333333333,0.0014681094013376107,2804.3,8736
44124,41.49999,-81.46774,0.28705144467214233,1257,52.98857142857143,0.0017979323777655696,1020.0,18412
44125,41.40658,-81.61548,0.35613099276562776,867,67.5025,0.007014915208063747,810.0,12885
44126,41.44263,-81.85278,0.2579812873266817,1235,66.88,0.0005878203620973431,1463.0,8490
44127,41.471,-81.64874,0.460648510994585,447,32.825,2.8451920891111615,947.7,1460
44128,41.43766,-81.54036,0.3831202027625268,782,42.43333333333334,0.9016334069754808,1214.1,10694
44129,41.39035,-81.73536,0.31018748430165716,921,51.81333333333333,0.027895270388366485,1890.3,14311
44130,41.378,-81.7868,0.2774054333620755,937,64.76,0.0033548957370726023,1121.4,23335
44131,41.3835,-81.65349,0.292610170166874,1136,59.220000000000006,0.0012609728890828847,506.5,9135
44132,41.60484,-81.49958,0.27164235466941167,785,55.980000000000004,0.0040757954951734,1694.3,5770
44133,41.31388,-81.74497,0.22538104886816943,1245,45.35999999999999,0.0006442261233693026,559.2,15302
44134,41.38496,-81.70459,0.2888671214332723,949,35.055,0.02058538882059062,1521.6,17333
44135,41.42472,-81.82135,0.2795013574394954,787,48.478571428571435,1.2209053676923634,1048.9,11054
44136,41.31265,-81.81064,0.24541231186370732,1238,37.43666666666667,7.978299026647519e-05,715.6,11784
44137,41.40903,-81.56274,0.36101126484295115,782,40.5725,0.0037203335471456063,1739.3,10325
44138,41.37363,-81.92302,0.28161829703664176,1218,57.443333333333335,0.00021617882312248692,646.8,10054
44139,41.38325,-81.44439,0.26587816137415404,1636,53.912,0.00024238506907974468,416.7,11113
44140,41.48508,-81.93171,0.2774726453528074,1550,39.10333333333333,0.015178356349631675,1352.4,6678
44141,41.30139,-81.61439,0.2731719011457708,1518,61.47,0.006091443313745163,222.7,5856
44142,41.40205,-81.82406,0.2941510975836347,855,11.22,0.006590772917914919,953.1,8494
44143,41.55358,-81.47513,0.22924394513597485,1278,37.17,0.0012737806631877388,667.6,10615
44144,41.43738,-81.74272,0.28627533699460134,748,66.536,0.43750587792720774,1479.6,10097
44145,41.45245,-81.92944,0.24073595971780629,1312,49.86,0.0004994711481960277,824.8,14497
44146,41.38161,-81.53018,0.27656015821013225,944,32.402499999999996,0.009771323878672728,568.3,13096
44147,41.31956,-81.67797,0.25586138783283413,1538,61.185,0.0004046944556859571,587.8,9030
44149,41.31223,-81.8563,0.2657629843490087,1342,62.505,0.015178356349631675,718.5,8962
44201,41.02741,-81.18354,0.2604346817755183,1130,26.843333333333334,0.0001443418013856813,50.7,3224
44202,41.31645,-81.34243,0.2741778270608906,1634,71.61,0.00039375246095288093,290.9,9675
44203,41.02013,-81.62896,0.31049864744220795,825,63.958333333333336,0.00019535552752798156,426.5,16691
44212,41.24386,-81.82863,0.2486714780994303,1237,57.385000000000005,0.0001964336381692385,840.6,22699
44214,40.95081,-81.99935,0.29571467891659564,1145,67.21458333333334,0.00017774617845716317,34.5,1126
44215,41.07195,-81.8994,0.3261304764248669,958,61.0955,0.0010542758608413048,447.9,1226
44216,40.93848,-81.58397,0.3323431466503533,946,46.2875,0.00019535552752798156,155.2,4449
44217,40.95561,-81.9133,0.24285601157075795,721,43.22666666666667,0.00017774617845716317,47.7,1490
44221,41.13898,-81.47624,0.296865691547109,923,52.674285714285716,0.00013632335900756593,1772.3,15312
44223,41.16968,-81.53051,0.30221014986395217,1113,34.955,0.0005442769281010178,479.1,8785
44224,41.17697,-81.44016,0.2752882201270296,1196,45.708333333333336,7.789779808890736e-05,728.6,17815
44230,40.96237,-81.69064,0.2641955700158433,876,59.65,0.00017774617845716317,175.4,3705
44231,41.30692,-81.07197,0.2566057544590426,1112,64.20333333333333,0.0002043307238620798,68.7,3991
44233,41.23943,-81.73513,0.2457760619254346,1378,95.35,0.0006193484454354019,116.7,3408
44234,41.33454,-81.15822,0.25012479918152036,935,46.446666666666665,0.0002452182442373713,62.6,1608
44235,41.0316,-82.12246,0.1860161229812714,1500,61.0955,0.0010542758608413048,20.7,614
44236,41.24669,-81.44775,0.27116978829572513,1916,46.86666666666667,0.00019146817798881827,314.8,10263
44240,41.13329,-81.34241,0.2287706667719957,1068,38.10142857142857,0.0014252157618306104,368.1,18458
44241,41.23945,-81.34728,0.25535099152570456,1065,46.446666666666665,0.00016344320348678833,319.1,7995
44250,41.02159,-81.43331,0.44067050026762916,688,46.2875,0.00019535552752798156,875.2,563
44251,41.02814,-81.92764,0.28159459120765645,1051,61.0955,0.0010542758608413048,261.7,407
44253,41.16571,-82.03767,0.20989837625048965,806,61.0955,0.0010542758608413048,53.1,1600
44254,41.04522,-82.01282,0.22936154848062465,933,42.12,0.0010542758608413048,72.2,2262
44255,41.28658,-81.22982,0.22914548703934243,828,86.74,0.0002043307238620798,63.6,3885
44256,41.14092,-81.85954,0.25187790889526956,1310,47.321666666666665,0.0018728910627495898,190.7,29891
44260,41.03684,-81.34079,0.26415532626141663,917,36.395,0.0002043307238620798,149.0,5598
44262,41.13901,-81.43492,0.24848331839593268,859,70.055,0.00019924287706714485,724.7,2169
44264,41.22966,-81.54311,0.23090248639894267,1502,33.166666666666664,0.0005557099194220616,62.2,1340
44266,41.1662,-81.19829,0.24873925694271035,842,33.95,0.00012383517538156713,135.7,14821
44270,40.96317,-81.77696,0.292699975948897,767,73.0,0.00017774617845716317,161.0,3444
44272,41.08691,-81.18244,0.28236901984676643,1191,60.53,0.0002043307238620798,96.4,2943
44273,41.0291,-81.87739,0.2290306205723701,1220,87.145,0.0010542758608413048,71.1,3520
44275,41.09976,-82.09927,0.2752271470029903,1111,61.0955,0.0010542758608413048,33.2,1557
44276,40.93667,-81.83502,0.27765529458624844,1067,67.21458333333334,0.00017774617845716317,32.4,898
44278,41.10052,-81.42137,0.2905533114335293,1168,56.52333333333333,0.00019535552752798156,492.9,8129
44280,41.23812,-81.92339,0.21638657615551937,1549,61.0955,0.0014892032762472078,81.8,2557
44281,41.05851,-81.73854,0.25259423472517706,1151,64.806,0.0010542758608413048,275.2,15062
44286,41.23668,-81.64017,0.22742136262967472,1353,18.49,0.001788327101284344,100.5,2728
44287,40.94,-82.1005,0.30639028122587464,838,65.96666666666665,0.00017774617845716317,45.7,3329
44288,41.2392,-81.08354,0.2883612953082636,723,60.093333333333334,0.0002043307238620798,81.0,1232
44301,41.04398,-81.52449,0.40126759240661664,716,57.682,0.00019535552752798156,1529.1,5794
44302,41.08951,-81.53857,0.22129706202969854,826,46.2875,0.00019535552752798156,2277.5,2147
44303,41.10448,-81.53732,0.2682648419386303,1040,71.66250000000001,0.00019535552752798156,1415.3,3570
44304,41.08585,-81.50908,0.2900900016696796,538,79.595,0.00019535552752798156,1077.7,1310
44305,41.07643,-81.46226,0.3998054401819549,714,65.45333333333333,0.00019535552752798156,1182.2,9570
44306,41.03927,-81.48316,0.4059221125697182,630,25.951999999999998,0.00019535552752798156,971.3,8077
44307,41.07049,-81.546,0.33599079117370767,444,34.69,0.00019535552752798156,1253.2,2206
44310,41.10771,-81.49948,0.3063234255757028,718,71.35857142857142,4.095004095004095e-05,1528.0,10099
44311,41.06427,-81.52047,0.27063046228355897,450,16.49,0.00019535552752798156,1566.7,2212
44312,41.01462,-81.4412,0.3339471765463272,855,22.43,0.00019535552752798156,626.2,14539
44313,41.13239,-81.56512,0.25601539057199746,1089,53.4075,0.00019535552752798156,792.3,13322
44314,41.04048,-81.55838,0.39610685167495613,701,67.50399999999999,0.00019535552752798156,1528.9,8491
44319,40.98402,-81.53169,0.3041474261589036,1030,50.47428571428571,0.00019535552752798156,435.3,10652
44320,41.07818,-81.58379,0.3278105577221964,781,40.178,0.00019535552752798156,698.2,7467
44321,41.09994,-81.65182,0.28502412247470965,1401,52.54,0.00012704058946833512,416.2,7886
44333,41.16195,-81.63419,0.2322533107475787,1284,43.405,0.00019535552752798156,270.2,8046
44401,41.02457,-80.94658,0.22549115202929187,1154,74.80666666666667,0.00017774617845716317,32.5,922
44402,41.38893,-80.85513,0.3203143002578534,1014,66.215,0.00017774617845716317,27.5,1440
44403,41.24053,-80.58265,0.27896764459413187,590,52.196666666666665,0.00017774617845716317,101.3,1623
44404,41.3277,-80.54861,0.3842380274148685,621,49.233333333333334,0.00017774617845716317,42.3,578
44405,41.07787,-80.59136,0.3545820462280629,517,15.88,0.00017774617845716317,844.6,2703
44406,41.01132,-80.77194,0.27823699073539143,1102,52.68875,0.00017774617845716317,157.9,10059
44408,40.88487,-80.68569,0.24556080783097442,927,47.6,0.0002728885250375222,118.4,4862
44410,41.34817,-80.72629,0.2739286509133642,881,37.5,0.00017774617845716317,97.2,7550
44411,41.0326,-81.05092,0.28391605953729887,799,46.446666666666665,0.0002043307238620798,41.1,1072
44412,41.09671,-81.0229,0.2768472209372921,979,43.4,0.0002043307238620798,52.7,1349
44413,40.84803,-80.5549,0.35334719489728755,577,15.866666666666667,0.0002728885250375222,115.5,2802
44417,41.43336,-80.66329,0.20234372182235247,663,49.233333333333334,0.00017774617845716317,15.9,449
44418,41.30692,-80.60465,0.3033770067024119,562,49.233333333333334,0.00017774617845716317,27.9,326
44420,41.17384,-80.67726,0.35502891360514477,707,18.560000000000002,0.00017774617845716317,392.4,6443
44423,40.7524,-80.89963,0.34689326938353954,962,29.8,0.0002728885250375222,33.4,1047
44425,41.17022,-80.57395,0.3541034797239413,669,39.669999999999995,0.00017774617845716317,168.8,6151
44427,40.71672,-80.95686,0.15539294558045197,-666666666,52.28666666666667,0.0008869179600886918,18.0,392
44428,41.43458,-80.5779,0.26229994303483306,590,49.39000000000001,0.00017774617845716317,22.8,1186
44429,41.09648,-80.98156,0.2906394918814224,848,56.155,0.00017774617845716317,139.0,1145
44430,41.24011,-80.90804,0.47159801683147695,497,28.753333333333334,0.00017774617845716317,135.2,1136
44431,40.84748,-80.75365,0.3630023061962234,645,47.92,0.0002728885250375222,64.9,1924
44432,40.74974,-80.75149,0.3209204456285464,596,85.065,0.0002728885250375222,43.9,4548
44436,41.05775,-80.54241,0.41030072997882794,779,88.60333333333334,0.00017774617845716317,54.5,1820
44437,41.15536,-80.73,0.42096242254542837,872,57.05500000000001,0.00017774617845716317,387.6,1899
44438,41.24252,-80.5345,0.4347074708634949,518,49.233333333333334,0.00017774617845716317,207.0,1940
44440,41.1482,-80.78439,0.3219105421471045,891,97.305,0.00017774617845716317,226.2,1876
44441,40.75802,-80.55264,0.41649891049429905,600,47.6,0.0002728885250375222,36.9,1010
44442,40.96591,-80.54963,0.2519744763128644,655,62.403333333333336,0.00017774617845716317,164.6,1531
44443,40.92351,-80.59473,0.2906479474689747,798,56.155,0.00017774617845716317,55.8,929
44444,41.17559,-80.97647,0.3536233895754093,723,82.86666666666666,0.00017774617845716317,87.5,4306
44445,40.84834,-80.61732,0.29990601432076924,610,47.6,0.0002728885250375222,76.5,1529
44446,41.18958,-80.74692,0.3605883833012636,575,50.2925,0.00017774617845716317,552.7,8707
44449,40.97957,-81.02446,0.29479945238164906,691,56.155,0.00017774617845716317,38.8,610
44450,41.45397,-80.82576,0.23911630375348641,810,22.6,0.00017774617845716317,19.5,620
44451,41.08104,-80.86887,0.25539413399365196,896,40.04666666666667,0.00017774617845716317,28.8,1173
44452,40.94711,-80.66232,0.24709160313153392,719,56.155,0.00017774617845716317,75.1,1333
44454,40.9197,-80.53976,0.3171310858519735,1179,56.155,0.00017774617845716317,45.3,262
44455,40.77581,-80.60485,0.4860192171736231,637,47.6,0.0002728885250375222,35.8,578
44460,40.90221,-80.87026,0.29807820229887744,729,18.330000000000002,0.0002728885250375222,90.9,11746
44470,41.29783,-80.95999,0.28330734452022693,786,67.60666666666667,0.00017774617845716317,57.9,1646
44471,41.04793,-80.58973,0.34695037598074746,642,39.85333333333333,0.00017774617845716317,887.3,4662
44473,41.24684,-80.66326,0.3051780348706713,596,49.07666666666666,0.00017774617845716317,64.7,2071
44481,41.22736,-80.86344,0.2504681342850846,662,47.980000000000004,0.00017774617845716317,69.7,3407
44483,41.26537,-80.81575,0.3232660614924655,637,45.385,0.00017774617845716317,539.1,8931
44484,41.2348,-80.74962,0.31996215341500933,800,55.624,0.00017774617845716317,466.3,8556
44485,41.24032,-80.848,0.3897809008495268,471,48.69,0.00017774617845716317,751.2,5372
44490,40.90041,-80.76801,0.3738285507423433,598,47.6,0.0002728885250375222,341.4,315
44491,41.37368,-80.96478,0.23536165084617794,950,49.233333333333334,0.00017774617845716317,46.5,1332
44502,41.08365,-80.64253,0.5383140569418079,370,81.218,0.00017774617845716317,647.8,2952
44504,41.12327,-80.65363,0.4046068446813231,677,97.18,0.00017774617845716317,1628.9,1798
44505,41.12735,-80.61687,0.39547346260269717,535,80.795,0.00017774617845716317,352.5,4945
44506,41.09356,-80.62583,0.776838572617404,396,2.64,0.00017774617845716317,462.8,622
44507,41.07436,-80.65542,0.5832095735617511,393,73.3725,0.00017774617845716317,974.1,1306
44509,41.10986,-80.69655,0.4108913418512421,475,48.6075,0.00017774617845716317,738.4,4303
44510,41.12246,-80.67424,0.36350793230236245,378,56.155,0.00017774617845716317,421.2,679
44511,41.06927,-80.69617,0.3226194306939809,635,60.18,0.00017774617845716317,988.3,8883
44512,41.0249,-80.66757,0.30133526112503817,836,60.144999999999996,0.00017774617845716317,749.2,14863
44514,40.99838,-80.60868,0.30770669037006937,904,32.339999999999996,0.00017774617845716317,410.6,9737
44515,41.1029,-80.76201,0.2876443465020131,784,56.03666666666666,0.00017774617845716317,579.9,13774
44601,40.91978,-81.1278,0.3429869496597586,634,57.775,2.0711223411966944e-05,154.5,14143
44606,40.73313,-81.79625,0.21365260344945314,837,93.83,0.00017774617845716317,71.7,3374
44608,40.65241,-81.59714,0.22868267797495917,703,55.96375,2.0711223411966944e-05,47.1,1021
44609,40.9121,-80.9879,0.2728466098215216,693,13.774999999999999,0.00017774617845716317,52.3,1676
44611,40.60785,-82.08141,0.22095287963280275,932,58.68,0.00017774617845716317,33.5,1160
44612,40.63488,-81.46098,0.25928085503505244,1047,54.25833333333333,0.00017774617845716317,80.1,2745
44613,40.71338,-81.60026,0.2874663988198571,710,11.49,2.0711223411966944e-05,382.4,678
44614,40.88689,-81.58747,0.2926104777009255,1055,55.51,2.0711223411966944e-05,221.4,6114
44615,40.5669,-81.0739,0.3310542814761762,838,58.865,0.0008869179600886918,26.4,4110
44618,40.7722,-81.68925,0.21807175036451482,818,44.29333333333333,0.00017774617845716317,72.2,3040
44620,40.5811,-81.21592,0.21774430133239178,911,52.28666666666667,0.0008869179600886918,22.8,769
44621,40.42878,-81.28955,0.3458391472164263,704,63.01,0.00017774617845716317,55.8,1770
44622,40.54883,-81.48375,0.2852245903931858,896,56.346666666666664,0.00017774617845716317,130.4,7842
44624,40.61249,-81.66157,0.24094488742782272,581,66.15,0.00017774617845716317,50.6,2524
44625,40.7623,-80.99919,0.36453704749434157,1161,47.6,0.0002728885250375222,19.0,654
44626,40.68994,-81.38404,0.3674626614686783,756,55.96375,2.0711223411966944e-05,37.6,1167
44627,40.66665,-81.83393,0.1996218893852903,811,58.68,0.00017774617845716317,59.4,2858
44628,40.538,-82.1551,0.22398244053355626,832,58.68,0.00017774617845716317,9.8,479
44629,40.35107,-81.44553,0.36934428389273344,816,63.83,0.00017774617845716317,47.4,1417
44632,40.96401,-81.3048,0.2548360577473794,1144,71.2,2.0711223411966944e-05,148.0,4218
44633,40.63182,-81.93601,0.20081641065567346,696,90.24,0.00017774617845716317,39.3,779
44634,40.83385,-81.04685,0.2264015892727646,509,47.6,0.0002728885250375222,37.9,922
44637,40.47996,-82.03347,0.22280319236558113,753,73.41,0.00017774617845716317,19.1,1110
44638,40.6502,-82.13521,0.2086136697152475,1194,48.15,0.00017774617845716317,16.7,475
44641,40.86528,-81.23977,0.29497312790848945,992,25.0325,2.0711223411966944e-05,138.5,8808
44643,40.64304,-81.2998,0.23710260463630609,966,57.76666666666667,0.0008869179600886918,47.4,1351
44644,40.68691,-81.17639,0.20856521572056566,818,52.28666666666667,0.0008869179600886918,73.7,1843
44645,40.90796,-81.71845,0.26254651359321113,1024,67.21458333333334,0.00017774617845716317,43.9,1373
44646,40.81055,-81.49835,0.2692787462504159,896,61.706,2.0711223411966944e-05,648.0,20248
44647,40.79537,-81.56575,0.30638407616669355,752,56.4175,2.0711223411966944e-05,238.6,8744
44651,40.6231,-80.9556,0.2371135046509009,733,52.28666666666667,0.0008869179600886918,16.3,319
44654,40.53861,-81.87162,0.19449567124004016,1028,9.02,0.00017774617845716317,49.0,8442
44656,40.57027,-81.33104,0.32830516273731664,728,52.17,0.00017774617845716317,24.9,1076
44657,40.74313,-81.09343,0.3400275304274234,792,14.876666666666665,0.0008869179600886918,58.6,4425
44662,40.71036,-81.55468,0.3130411950168573,798,72.94666666666667,2.0711223411966944e-05,66.5,4102
44663,40.46066,-81.44961,0.27525771079322886,705,50.97,0.00017774617845716317,99.2,11209
44666,40.84232,-81.63202,0.2751092632432535,1003,55.96375,2.0711223411966944e-05,51.3,1428
44667,40.83386,-81.76495,0.27901206465174316,915,74.61666666666666,0.00017774617845716317,118.2,6062
44669,40.79613,-81.15619,0.2826119657861664,920,55.96375,2.0711223411966944e-05,41.0,907
44672,40.92045,-81.02375,0.39691768860122895,623,56.155,0.00017774617845716317,581.1,1634
44675,40.50245,-81.24975,0.356927203108369,578,52.28666666666667,0.0008869179600886918,31.8,850
44676,40.6891,-82.03266,0.2807885039578181,930,73.57,0.00017774617845716317,39.1,2122
44677,40.87254,-81.85983,0.22987010234571081,833,68.4625,0.00017774617845716317,65.2,942
44680,40.60174,-81.54512,0.26340920996554457,863,36.18,0.00017774617845716317,85.4,1862
44681,40.50018,-81.6625,0.23355107869899647,908,63.18666666666667,0.00017774617845716317,62.1,4046
44683,40.35505,-81.3218,0.3775662586188003,615,38.055,0.00017774617845716317,45.5,3528
44685,40.9596,-81.42361,0.2817241708021081,1135,37.64666666666667,0.00019535552752798156,432.7,12122
44688,40.68458,-81.25757,0.303987151943625,825,55.96375,2.0711223411966944e-05,48.0,1094
44689,40.65071,-81.66209,0.2536168422225635,902,58.68,0.00017774617845716317,67.6,237
44691,40.80714,-81.97971,0.24411491843592553,856,44.046,0.00017774617845716317,110.6,20154
44695,40.43868,-81.1754,0.3557920631950437,653,18.935,0.0008869179600886918,18.4,408
44699,40.27789,-81.28752,0.28137281801035574,579,48.78,0.00017774617845716317,4.5,143
44703,40.81093,-81.38134,0.3665438959400428,571,18.54,2.0711223411966944e-05,3089.3,3336
44704,40.80001,-81.34329,0.3986882966829938,651,87.54,2.0711223411966944e-05,673.9,1181
44705,40.83347,-81.3327,0.37209188356837164,587,59.255,2.0711223411966944e-05,853.8,6705
44706,40.75382,-81.4198,0.33743541681260614,701,47.51666666666667,2.0711223411966944e-05,338.3,7448
44707,40.76031,-81.34715,0.3253637601317287,635,46.444,2.0711223411966944e-05,223.0,3179
44708,40.81708,-81.43486,0.3024707520499401,919,42.29666666666667,2.0711223411966944e-05,950.0,11128
44709,40.84218,-81.38634,0.24013910348721262,903,29.98,2.0711223411966944e-05,1257.8,8119
44710,40.78962,-81.42659,0.36417583810847126,644,61.75,2.0711223411966944e-05,1446.7,3478
44714,40.83606,-81.35905,0.3459319665490708,833,55.96375,2.0711223411966944e-05,1497.7,4476
44718,40.85122,-81.44806,0.21111074183093403,1074,86.78999999999999,2.0711223411966944e-05,591.1,5534
44720,40.90112,-81.43259,0.25667264314985794,1054,74.12666666666667,2.0711223411966944e-05,445.9,18232
44721,40.89443,-81.32694,0.2958499441356798,1057,30.601999999999997,2.0711223411966944e-05,333.8,6469
44730,40.76706,-81.25814,0.3175305224157891,830,48.373333333333335,2.0711223411966944e-05,65.0,2649
44802,41.04534,-83.41912,0.25654028466421647,681,42.455,0.00017774617845716317,12.8,426
44804,41.10708,-83.53538,0.4059267284918309,1100,32.65333333333333,0.00017774617845716317,31.8,571
44805,40.87335,-82.32096,0.25625608718257603,780,33.913333333333334,0.00017774617845716317,79.3,14335
44807,41.06508,-82.87533,0.38034131428166734,659,23.88,0.00017774617845716317,11.7,1063
44811,41.24445,-82.84474,0.34286188111300314,772,43.083333333333336,0.00013220732753674294,40.7,6009
44813,40.60135,-82.52814,0.2649103138536498,796,72.8,0.00017774617845716317,44.2,3219
44814,41.32162,-82.4714,0.2961516286797797,829,48.6,0.00017774617845716317,35.2,1107
44815,41.24697,-83.23947,0.4284228900437212,658,1.48,0.00017774617845716317,258.5,338
44817,41.1987,-83.54676,0.4564329111986558,840,59.46,0.00017774617845716317,20.1,791
44818,41.0002,-82.99645,0.38195579967022264,540,42.455,0.00017774617845716317,10.5,1033
44820,40.81829,-82.97186,0.3221297136557816,718,50.785,5.792064871126557e-05,41.5,7732
44822,40.55705,-82.39929,0.2396359376090481,949,86.83,0.00017774617845716317,34.9,1348
44824,41.37952,-82.80422,0.23448351255296793,908,88.32000000000001,0.00017774617845716317,60.8,1686
44826,41.23993,-82.47931,0.28171947096435324,914,44.98333333333333,0.00013220732753674294,13.7,772
44827,40.81921,-82.75923,0.3275404106231263,654,41.554,5.792064871126557e-05,55.8,2821
44830,41.16603,-83.40081,0.3800599597777927,691,44.65,0.00017774617845716317,60.0,7468
44833,40.71059,-82.79484,0.30384707150667545,713,45.574,0.00017774617845716317,71.1,6970
44836,41.23772,-83.05455,0.3925592313059388,779,50.25,0.00017774617845716317,26.5,1171
44837,41.01745,-82.48241,0.3431040898272551,666,50.196666666666665,0.00022153300841825432,26.1,1673
44838,40.77186,-82.25947,0.3020883931639126,857,36.52666666666667,0.00017774617845716317,297.0,81
44839,41.3725,-82.55656,0.22319999311233846,990,44.53,0.00017774617845716317,135.9,5174
44840,40.79231,-82.17973,0.2636534867178818,903,83.39,0.00017774617845716317,27.0,1433
44841,41.25126,-83.31139,0.3714982575529036,847,25.546666666666667,0.00017774617845716317,11.5,332
44842,40.64903,-82.22498,0.24594256965647018,750,39.14,0.00017774617845716317,29.5,2275
44843,40.6886,-82.40959,0.29541539570158887,1027,45.28333333333333,0.00017774617845716317,38.5,1267
44844,40.9926,-83.25839,0.33342733905776123,850,42.455,0.00017774617845716317,17.3,315
44846,41.31589,-82.60832,0.29909009193572006,927,91.37,0.00017774617845716317,58.1,1466
44847,41.23025,-82.70821,0.3570062067571263,696,76.895,0.00013220732753674294,20.2,1686
44849,40.80863,-83.13186,0.3794897272684716,735,44.65,0.00017774617845716317,16.7,1194
44851,41.10577,-82.40166,0.2950508619774848,890,9.253333333333332,0.00013220732753674294,26.9,2304
44853,41.05501,-83.30399,0.3298108186992026,611,42.455,0.00017774617845716317,21.3,801
44854,40.94723,-82.85748,0.2959451498291408,630,83.49666666666666,5.792064871126557e-05,13.8,680
44855,41.10414,-82.58664,0.335200647100336,949,44.03333333333333,0.00013220732753674294,16.3,552
44857,41.21785,-82.58212,0.2934581520800418,880,73.81,4.288164665523156e-05,110.4,10492
44859,41.02103,-82.32636,0.28656171577935496,882,36.52666666666667,0.00017774617845716317,22.1,1136
44864,40.66748,-82.31871,0.22168185631662946,664,36.52666666666667,0.00017774617845716317,20.0,1325
44865,40.99165,-82.68168,0.3965735682706914,787,38.92,0.00013220732753674294,31.5,1293
44866,40.92082,-82.19483,0.3032884561200735,615,36.52666666666667,0.00017774617845716317,34.6,785
44867,41.14755,-82.98963,0.31415659347905756,798,42.455,0.00017774617845716317,13.7,1209
44870,41.40623,-82.7171,0.2827591774704695,783,52.49142857142857,0.00017774617845716317,253.1,18152
44875,40.88645,-82.6489,0.36024981802760775,873,48.43333333333334,0.00017774617845716317,66.4,6026
44878,40.95111,-82.51963,0.325398774319067,810,52.294999999999995,0.00017774617845716317,19.6,1076
44880,41.03352,-82.21993,0.27943783744973644,1097,13.19,0.00017774617845716317,40.2,1338
44882,40.94759,-83.13734,0.40920453067702967,693,44.65,0.00017774617845716317,11.5,1195
44883,41.12395,-83.17459,0.2981670626219955,747,77.2225,0.00017774617845716317,66.9,13117
44887,40.9205,-82.788,0.40634763315677075,629,50.785,5.792064871126557e-05,14.7,401
44889,41.24661,-82.38195,0.25217293794709156,997,44.03333333333333,0.00013220732753674294,36.5,3310
44890,41.0818,-82.71248,0.33816330172284126,767,27.573333333333334,0.00013220732753674294,47.3,4428
44902,40.7589,-82.51095,0.3912965738639104,360,52.294999999999995,0.00017774617845716317,961.4,1507
44903,40.77624,-82.52655,0.3054141119803822,762,12.06,0.00017774617845716317,90.7,11029
44904,40.66578,-82.61505,0.2598691673000316,967,41.82,0.00017774617845716317,104.4,6563
44905,40.77753,-82.46915,0.3582764714247284,653,55.120000000000005,0.00017774617845716317,489.2,5238
44906,40.76413,-82.57778,0.2746513879950833,750,53.83714285714286,0.00017774617845716317,338.1,6566
44907,40.72761,-82.52129,0.24376287344066963,719,52.294999999999995,0.00017774617845716317,751.7,6617
45001,39.13713,-84.71045,0.4325444756007341,785,51.43125,0.00017774617845716317,391.6,351
45002,39.19871,-84.73422,0.24734178244401606,1138,46.38333333333333,0.00017774617845716317,220.5,6120
45003,39.58427,-84.77942,0.2812628337597677,763,44.20333333333334,0.00017774617845716317,16.9,197
45005,39.53478,-84.3018,0.25582963662123936,1060,62.567142857142855,3.7505156959081875e-05,336.2,14191
45011,39.42892,-84.50173,0.22793713578357705,1260,63.326,0.00017774617845716317,477.2,32264
45013,39.40649,-84.6501,0.244859389089441,1043,68.72200000000001,0.00017774617845716317,175.7,23300
45014,39.32822,-84.5521,0.224589336753647,1098,56.37,0.00017774617845716317,780.3,21663
45015,39.36273,-84.53785,0.26039427653126823,747,42.56,0.00017774617845716317,761.2,5070
45030,39.25621,-84.76287,0.27368194342580054,1160,53.522000000000006,0.00017774617845716317,205.1,10773
45032,39.50268,-84.00811,0.26186279974413845,944,47.36625,3.7505156959081875e-05,667.7,340
45034,39.35749,-84.24687,0.31902100287810337,1881,51.77333333333333,3.7505156959081875e-05,557.1,694
45036,39.44487,-84.21832,0.2057380038745841,1430,46.972500000000004,3.7505156959081875e-05,205.8,15486
45039,39.32655,-84.23586,0.2590072281419945,1489,45.54,3.7505156959081875e-05,718.8,12751
45040,39.35023,-84.30996,0.23547895932435242,1604,53.635000000000005,3.7505156959081875e-05,788.9,23914
45042,39.54867,-84.43755,0.24539483133047826,993,57.9,0.00017774617845716317,221.5,12172
45044,39.45028,-84.37988,0.2617008838480402,1166,43.06625,0.00017774617845716317,556.3,22130
45050,39.44437,-84.36594,0.27320948547886026,1442,43.86666666666667,0.00017774617845716317,557.2,5880
45052,39.14505,-84.77849,0.26617581635717774,1168,51.43125,0.00017774617845716317,123.3,1877
45053,39.35273,-84.78053,0.2271685139918455,1526,48.105333333333334,0.00017774617845716317,52.7,1767
45054,39.43844,-84.07418,0.23138434843530617,1573,47.36625,3.7505156959081875e-05,31.6,1895
45056,39.49029,-84.74115,0.14514398506341686,1119,52.343999999999994,0.00017774617845716317,142.6,9859
45062,39.48501,-84.55371,0.24550419827328276,694,48.105333333333334,0.00017774617845716317,325.6,258
45064,39.56806,-84.59785,0.31450870990554003,1149,48.105333333333334,0.00017774617845716317,39.5,1697
45065,39.37016,-84.21426,0.2779109719586148,1224,47.36625,3.7505156959081875e-05,912.5,2785
45066,39.54925,-84.22265,0.27125590778044667,1489,44.29,3.7505156959081875e-05,504.5,11232
45067,39.49017,-84.47948,0.29503182839668834,1123,18.736666666666668,0.00017774617845716317,302.1,6609
45068,39.52813,-84.05922,0.1903983319610503,1351,47.76,3.7505156959081875e-05,63.5,4961
45069,39.34213,-84.4105,0.2531771184897112,1438,37.226,0.00017774617845716317,741.6,24013
45070,39.58968,-84.55804,0.2871525669591349,517,44.20333333333334,0.00017774617845716317,140.0,50
45101,38.69164,-83.74024,0.1768080661362752,558,49.36,0.00017774617845716317,40.8,564
45102,39.01718,-84.20602,0.22967463376610325,1202,53.185,0.00017774617845716317,433.3,11105
45103,39.0946,-84.14006,0.22409860909717802,1155,46.68666666666667,0.00017774617845716317,166.5,16441
45106,38.94633,-84.06831,0.23245781516332578,889,25.540000000000003,0.00017774617845716317,58.1,4876
45107,39.28888,-83.96967,0.2355074826726651,863,29.173333333333332,0.00017774617845716317,46.7,3922
45111,39.20033,-84.28746,0.2982328488830465,1345,51.43125,0.00017774617845716317,81.3,144
45113,39.39991,-83.98561,0.23071369659898275,1060,49.06666666666666,0.00017774617845716317,39.0,2023
45118,39.17192,-83.93107,0.25139432397175016,1083,47.26,0.00017774617845716317,35.8,1777
45120,38.82597,-84.09301,0.22611504238242766,750,40.47,0.00017774617845716317,23.9,1046
45121,38.86769,-83.90911,0.22575329814730985,830,41.614999999999995,0.00017774617845716317,32.3,3141
45122,39.22411,-84.12698,0.25532769176589937,1061,75.8,0.00017774617845716317,102.4,4875
45123,39.3487,-83.38866,0.33356599741907006,719,36.556666666666665,0.00017774617845716317,31.6,3736
45130,38.90886,-83.99897,0.2833249228052749,765,58.91,0.00017774617845716317,38.7,1720
45133,39.15695,-83.57282,0.23489690101556496,825,48.5425,0.00017774617845716317,29.0,8456
45135,39.35124,-83.54859,0.30152930912935555,877,49.74,0.00017774617845716317,28.0,2675
45140,39.25603,-84.24433,0.22148155224720384,1468,65.5025,0.00017774617845716317,497.9,24574
45142,39.21033,-83.80553,0.2927366823432112,1034,30.483333333333334,0.00017774617845716317,25.6,1800
45144,38.70534,-83.6142,0.28849591298349475,655,48.94,0.00017774617845716317,23.2,1522
45146,39.3154,-83.79945,0.2988999113567363,1074,49.06666666666666,0.00017774617845716317,16.8,625
45148,39.28849,-83.88466,0.24226094251962405,810,49.06666666666666,0.00017774617845716317,26.7,938
45150,39.16567,-84.23281,0.24264066238805382,1185,49.79,0.00017774617845716317,399.0,15223
45152,39.35005,-84.12316,0.22379843829918264,1511,44.89333333333334,3.7505156959081875e-05,107.7,5612
45153,38.86977,-84.18474,0.30902745842978513,846,48.23833333333333,0.00017774617845716317,33.3,693
45154,39.06137,-83.91997,0.2557485498090321,916,80.38333333333334,0.00017774617845716317,53.6,3670
45157,38.95599,-84.22824,0.2645208742802987,1129,55.11666666666667,0.00017774617845716317,90.6,4664
45159,39.33389,-83.68972,0.2897382096687451,877,60.37,0.00017774617845716317,23.6,1646
45160,39.12358,-84.13725,0.06457897579350197,800,48.23833333333333,0.00017774617845716317,708.8,148
45162,39.26913,-84.07851,0.24874523447517244,1041,47.36625,3.7505156959081875e-05,38.0,1040
45167,38.77234,-83.79943,0.3316745878084728,732,53.31333333333333,0.00017774617845716317,21.1,1505
45168,38.85266,-83.76783,0.2861363665564222,696,33.14,0.00017774617845716317,19.5,541
45169,39.505,-83.65035,0.267003884180624,772,29.28,0.00017774617845716317,18.2,1988
45171,39.01414,-83.7962,0.20429019627534103,858,49.36,0.00017774617845716317,27.6,1843
45174,39.1588,-84.31073,0.24790552474250485,2826,58.46,0.00017774617845716317,716.6,687
45176,39.08438,-84.02205,0.20542471817417218,1033,40.55,0.00017774617845716317,71.3,4561
45177,39.46123,-83.83692,0.21234238579780682,848,73.62333333333333,0.00017774617845716317,51.0,9582
45202,39.10885,-84.50243,0.19622922135274698,1869,79.55,0.00017774617845716317,2467.3,8133
45203,39.10403,-84.53337,0.07795883385315004,1263,61.46,0.00017774617845716317,816.0,1236
45204,39.09536,-84.57225,0.28153527042393844,780,59.06,0.00017774617845716317,970.9,2666
45205,39.11057,-84.57518,0.21932266888300198,641,32.59,0.00017774617845716317,2567.8,6592
45206,39.12736,-84.48451,0.16847927410727562,1475,38.839999999999996,0.00017774617845716317,1965.5,5264
45207,39.14199,-84.4713,0.1873331808573363,1013,50.3725,0.00017774617845716317,2300.1,3074
45208,39.13522,-84.43393,0.20627657364443625,2221,31.067500000000003,0.00017774617845716317,1598.0,9021
45209,39.15336,-84.42762,0.186827218732958,1698,5.04,0.00017774617845716317,1837.5,6628
45211,39.15746,-84.59888,0.2388847726068088,1023,45.248333333333335,0.00017774617845716317,1594.7,16101
45212,39.16403,-84.45173,0.1920770949934069,1094,50.738,0.00017774617845716317,2215.3,10950
45213,39.18111,-84.42006,0.2083279139835898,1386,49.73,0.00017774617845716317,1391.9,5688
45214,39.12271,-84.54442,0.17035709107436195,694,30.875,0.00017774617845716317,1306.3,2933
45215,39.23536,-84.46221,0.2674087679409478,1100,51.43125,0.00017774617845716317,991.2,12913
45216,39.20054,-84.48114,0.2635046852912065,732,71.50999999999999,0.00017774617845716317,1313.4,3742
45217,39.16718,-84.49792,0.26851770398361297,958,63.675,0.00017774617845716317,966.5,2997
45218,39.26623,-84.51975,0.3064290248654072,1074,88.79,0.00017774617845716317,1120.2,1646
45219,39.12668,-84.51201,0.11830461149525635,967,76.58500000000001,0.00017774617845716317,4701.4,9370
45220,39.14736,-84.52101,0.1363236174760614,1649,30.365,0.00017774617845716317,1953.3,7097
45223,39.1696,-84.55354,0.2022551816690381,1106,69.08,0.00017774617845716317,1087.6,5211
45224,39.20215,-84.53222,0.23519795943161084,1126,54.5175,0.00017774617845716317,1410.3,8938
45225,39.14341,-84.55267,0.14404614570553373,555,83.92,0.00017774617845716317,1246.7,2548
45226,39.11149,-84.41989,0.19184566304905082,1776,51.43125,0.00017774617845716317,403.6,3691
45227,39.15403,-84.38524,0.2071913733553586,1160,30.042,0.00017774617845716317,1247.8,9145
45229,39.15342,-84.48612,0.12656802861384778,1382,62.284000000000006,0.00017774617845716317,1988.5,5028
45230,39.07445,-84.39082,0.25145569551150065,1299,50.265,0.00017774617845716317,756.5,12569
45231,39.24617,-84.5383,0.28692529349351736,1045,49.50833333333333,0.00017774617845716317,1067.1,17495
45232,39.1818,-84.51673,0.1256864782487452,666,79.98,0.00017774617845716317,693.9,2409
45233,39.1191,-84.66559,0.2777864742574082,1159,37.660000000000004,0.00017774617845716317,547.7,6860
45236,39.20949,-84.39701,0.2528009322476814,1207,41.6725,0.00017774617845716317,1382.0,12062
45237,39.19298,-84.45244,0.21172196422811748,1073,36.885,0.00017774617845716317,1349.3,8749
45238,39.10927,-84.61053,0.261311487206126,1070,33.278333333333336,0.00017774617845716317,1834.1,22848
45239,39.20439,-84.57979,0.2565333479854586,1031,61.58833333333333,0.00017774617845716317,1791.9,13137
45240,39.28434,-84.52605,0.25115494458537235,1150,45.05,0.00017774617845716317,1174.5,12769
45241,39.27659,-84.40175,0.23167867962156974,1222,69.18333333333334,0.00017774617845716317,520.0,10338
45242,39.24348,-84.35621,0.1971432022414785,1569,37.52,0.00017774617845716317,634.1,9181
45243,39.18381,-84.34171,0.20679616254315725,2214,54.498333333333335,0.00017774617845716317,317.5,6230
45244,39.12009,-84.32764,0.2339341077329163,1513,39.21,0.00017774617845716317,511.5,11689
45245,39.06065,-84.27748,0.2011532552583374,1142,25.125999999999998,0.00017774617845716317,480.5,9497
45246,39.2906,-84.46612,0.254726785606448,1146,55.19199999999999,0.00017774617845716317,570.0,6025
45247,39.22048,-84.65172,0.2713648328688942,1301,15.91,0.00017774617845716317,430.4,10480
45248,39.16442,-84.66229,0.2919838018781112,1090,76.115,0.00017774617845716317,789.4,11214
45249,39.27617,-84.32777,0.1649442231283365,1909,97.73,0.00017774617845716317,807.0,5487
45251,39.26789,-84.59422,0.3112895143831812,1026,67.22749999999999,0.00017774617845716317,668.1,9823
45252,39.27352,-84.63214,0.3187338270773936,1049,51.43125,0.00017774617845716317,168.4,1906
45255,39.05862,-84.32675,0.21541444112342154,1132,58.5725,0.00017774617845716317,678.8,9476
45302,40.40068,-84.20756,0.2621321839540786,1160,67.46333333333332,0.00017774617845716317,32.3,2271
45303,40.2146,-84.65627,0.35398394557071816,659,54.99333333333333,0.00017774617845716317,26.9,1193
45304,39.98756,-84.53145,0.27304527452114097,931,47.256,0.00017774617845716317,34.6,3704
45305,39.63628,-84.07769,0.28110014141520157,1513,57.120000000000005,0.00017774617845716317,323.8,4894
45306,40.45856,-84.18575,0.2760499515650728,897,54.629999999999995,0.00017774617845716317,28.3,1095
45307,39.58065,-83.72347,0.3947442107003818,771,50.035,0.00017774617845716317,531.7,152
45308,40.12535,-84.45699,0.3055531859453712,790,74.83,0.00017774617845716317,33.2,2169
45309,39.84475,-84.42204,0.2554645919145277,1082,39.78,0.00017774617845716317,69.7,4663
45310,40.35299,-84.64264,0.37171366994915805,800,36.82333333333333,0.00017774617845716317,567.7,132
45311,39.62791,-84.66411,0.30286769241154693,893,71.07666666666667,0.00017774617845716317,27.1,2501
45312,40.06028,-84.07976,0.18902427188581714,1063,40.343333333333334,0.00017774617845716317,15.7,448
45314,39.74608,-83.77363,0.25616250026090776,1100,39.455,0.00017774617845716317,48.7,2289
45315,39.85772,-84.33875,0.3130605014508357,1325,61.925,0.00017774617845716317,170.5,1891
45317,40.17328,-84.01971,0.4804491504083079,1061,66.00333333333334,0.00017774617845716317,15.0,505
45318,40.12745,-84.35391,0.2368003794666529,701,24.62,0.00017774617845716317,44.0,2232
45320,39.74673,-84.68932,0.23942313832661166,863,39.03333333333333,0.00017774617845716317,44.4,6924
45321,39.87134,-84.67775,0.3595087230118736,788,44.20333333333334,0.00017774617845716317,34.3,470
45322,39.89967,-84.33206,0.29573089008724424,1003,55.4,0.00017774617845716317,382.8,10062
45323,39.85131,-83.92794,0.2997877031338452,953,33.419999999999995,0.0034965034965034965,305.6,2177
45324,39.81986,-84.00026,0.2824704761687351,875,37.324999999999996,0.00017774617845716317,480.9,18977
45325,39.69297,-84.4269,0.2585297379389841,1008,48.61,0.00017774617845716317,41.2,979
45326,40.14201,-84.09039,0.31861512288795096,1133,40.343333333333334,0.00017774617845716317,24.9,717
45327,39.63286,-84.39841,0.3069466866378369,1119,0.61,0.00017774617845716317,71.8,3924
45328,40.11621,-84.49676,0.3928347323270859,750,54.99333333333333,0.00017774617845716317,529.0,209
45330,39.64821,-84.5282,0.4258597454033978,733,44.20333333333334,0.00017774617845716317,336.8,391
45331,40.09729,-84.64616,0.26230650432983194,700,63.59,0.00017774617845716317,56.9,9526
45332,39.99967,-84.78776,0.3114733849516984,655,54.99333333333333,0.00017774617845716317,17.2,239
45333,40.2481,-84.33209,0.30539329695989464,1233,82.555,0.00017774617845716317,29.6,686
45334,40.44662,-84.04517,0.2854911755299859,732,83.685,0.00017774617845716317,27.5,930
45335,39.63079,-83.73353,0.273083884895682,1070,84.8,0.00017774617845716317,34.2,3129
45337,39.98019,-84.42095,0.30811559236456304,1108,40.343333333333334,0.00017774617845716317,32.5,772
45338,39.85147,-84.54417,0.2458372531088881,845,44.20333333333334,0.00017774617845716317,37.5,2091
45339,40.00826,-84.34315,0.23941051153702472,927,40.343333333333334,0.00017774617845716317,27.1,510
45340,40.37184,-84.04935,0.2170404850268012,579,56.67,0.00017774617845716317,9.5,131
45341,39.87589,-84.02045,0.25481781454150915,612,48.63125,0.0034965034965034965,223.2,1426
45342,39.62943,-84.27545,0.28134796031459913,1179,58.949999999999996,0.00017774617845716317,412.7,16191
45344,39.95567,-84.00734,0.30980722241261077,845,68.21,0.0034965034965034965,92.9,6681
45345,39.7392,-84.39926,0.3592512147913184,883,38.89666666666667,0.00017774617845716317,102.3,2478
45346,39.97934,-84.70911,0.3171833018864191,677,81.76,0.00017774617845716317,19.4,1129
45347,39.88378,-84.76208,0.29641729292398017,747,63.623333333333335,0.00017774617845716317,28.1,1883
45348,40.32663,-84.65404,0.31806790072791363,583,54.99333333333333,0.00017774617845716317,10.6,415
45349,39.98916,-83.94052,0.40566503792424213,862,48.63125,0.0034965034965034965,549.3,142
45351,40.33954,-84.49574,0.345712114653701,777,54.99333333333333,0.00017774617845716317,442.5,195
45354,39.91033,-84.39983,0.3704977354750401,898,44.305,0.00017774617845716317,276.1,271
45356,40.16252,-84.23097,0.30774059363200396,840,38.88,0.00017774617845716317,128.6,11656
45358,39.98724,-84.48796,0.3290867665959727,808,54.99333333333333,0.00017774617845716317,738.5,136
45359,40.05067,-84.3511,0.2682302381525139,923,69.685,0.00017774617845716317,57.2,781
45360,40.33028,-84.09206,0.26328601305910915,525,56.67,0.00017774617845716317,759.5,207
45362,40.28684,-84.63368,0.2356471190351693,625,54.99333333333333,0.00017774617845716317,14.1,576
45363,40.23925,-84.39841,0.24156802287590762,1009,56.67,0.00017774617845716317,31.6,686
45365,40.2828,-84.15582,0.31685061270338444,864,42.13666666666666,0.00017774617845716317,71.8,13829
45368,39.84376,-83.65413,0.24799736819780027,816,48.410000000000004,0.0034965034965034965,18.8,1932
45369,39.95304,-83.60304,0.25856871629059214,1002,83.41499999999999,0.0034965034965034965,38.1,1951
45370,39.60853,-84.04015,0.2751042681794252,1604,50.035,0.00017774617845716317,63.3,1576
45371,39.93885,-84.16357,0.23195443286006628,1131,37.288333333333334,0.00017774617845716317,169.8,10016
45372,40.01471,-83.83862,0.38286994806693,690,48.63125,0.0034965034965034965,498.7,138
45373,40.03353,-84.19588,0.26977718593852656,1068,53.068,0.00017774617845716317,164.1,17274
45377,39.89636,-84.22774,0.29851875539272166,1028,44.305,0.00017774617845716317,272.1,7449
45378,39.90291,-84.48781,0.39447920972202005,681,44.20333333333334,0.00017774617845716317,578.3,247
45380,40.24511,-84.51314,0.26958220038400854,764,36.18,0.00017774617845716317,31.1,2788
45381,39.73223,-84.52433,0.2984414178590791,931,41.193333333333335,0.00017774617845716317,40.5,2482
45382,39.89621,-84.61626,0.38451398207791204,868,44.20333333333334,0.00017774617845716317,21.5,526
45383,39.9572,-84.3337,0.24253062305024736,673,68.42666666666666,0.00017774617845716317,113.2,2793
45385,39.66813,-83.91457,0.255205083690015,981,35.44,0.00017774617845716317,112.7,16009
45387,39.79754,-83.88622,0.19730047897938277,1141,44.245,0.00017774617845716317,69.9,2062
45388,40.32799,-84.47901,0.31460145153173696,1268,54.99333333333333,0.00017774617845716317,16.1,307
45389,40.05639,-84.02532,0.4661123322486241,618,66.00333333333334,0.00017774617845716317,1347.1,206
45390,40.21894,-84.76778,0.38778761797383954,632,28.415,0.00017774617845716317,24.1,1252
45402,39.75983,-84.20751,0.49649184539145164,841,75.69333333333333,0.00017774617845716317,881.2,3621
45403,39.76303,-84.14978,0.3156553933415788,480,92.60333333333334,0.00017774617845716317,1697.0,5358
45404,39.79011,-84.15324,0.3251749538310771,507,58.093333333333334,0.00017774617845716317,549.8,3528
45405,39.79241,-84.21592,0.4015385029915101,720,42.88,0.00017774617845716317,1880.1,8401
45406,39.78442,-84.24178,0.39606453150812176,637,46.46,0.00017774617845716317,1570.3,7605
45409,39.72334,-84.19039,0.2910828993776326,1240,42.7,0.00017774617845716317,1646.0,6269
45410,39.74757,-84.15907,0.30208207466841064,657,45.626666666666665,0.00017774617845716317,2505.2,6447
45414,39.84008,-84.21115,0.2759245027424827,893,43.35,0.00017774617845716317,363.3,8584
45415,39.83473,-84.2568,0.29831072063157565,1220,42.221999999999994,0.00017774617845716317,782.2,6011
45416,39.80754,-84.25774,0.5515694006005257,646,60.2325,0.00017774617845716317,1067.1,2002
45417,39.73427,-84.2844,0.43272174432838,543,46.878,0.00017774617845716317,337.6,7785
45419,39.71436,-84.1676,0.29125181779713,1299,33.160000000000004,0.00017774617845716317,1718.2,8073
45420,39.719,-84.13045,0.3100786119218954,816,15.94,0.00017774617845716317,1435.5,11843
45424,39.84695,-84.11032,0.3277963601694224,999,29.66,0.00017774617845716317,610.9,22877
45426,39.80094,-84.31461,0.24680833201192307,836,45.7575,0.00017774617845716317,263.5,5687
45429,39.68411,-84.16248,0.2626438777298572,1114,63.870000000000005,0.00017774617845716317,1034.0,12257
45430,39.71296,-84.08435,0.2878492883842538,1226,50.035,0.00017774617845716317,572.1,2798
45431,39.76488,-84.08012,0.2964862272518339,911,68.14,0.00017774617845716317,887.2,13064
45432,39.73934,-84.08627,0.3233799977289511,937,84.02333333333333,0.00017774617845716317,811.3,6839
45434,39.72284,-84.03052,0.33631512535111335,1480,43.15,0.00017774617845716317,461.9,5468
45439,39.69867,-84.22944,0.28386416951236687,906,44.305,0.00017774617845716317,607.8,4930
45440,39.67498,-84.10001,0.2386027899810961,1159,56.92,0.00017774617845716317,954.2,10051
45449,39.66472,-84.24067,0.27955929783671624,887,44.2975,0.00017774617845716317,1058.0,7992
45458,39.60036,-84.1576,0.23684465345277023,1562,43.01,0.00017774617845716317,727.0,15330
45459,39.64658,-84.16693,0.2352536251827449,1222,27.9875,0.00017774617845716317,773.9,12028
45502,39.92791,-83.81703,0.2534895077223563,1012,70.8775,0.0034965034965034965,57.2,7311
45503,39.96073,-83.7682,0.2696262759454728,838,48.63125,0.0034965034965034965,722.3,13218
45504,39.94811,-83.86481,0.28036407168777633,873,48.235,0.0034965034965034965,292.9,6761
45505,39.90737,-83.7615,0.3278912993008741,651,52.17333333333334,0.0034965034965034965,575.5,8001
45506,39.89907,-83.85233,0.369825720929031,726,23.235,0.0034965034965034965,421.3,5259
45601,39.30996,-82.9555,0.26706626823281776,762,40.375,0.00017774617845716317,62.5,21279
45612,39.21569,-83.27171,0.29391532093078226,644,40.1625,0.00017774617845716317,16.0,1350
45613,39.0318,-82.84885,0.2331569116408167,632,48.416666666666664,0.00017774617845716317,15.6,1005
45614,38.92858,-82.27819,0.371145293413729,746,45.269999999999996,0.00017774617845716317,30.4,1803
45616,38.76018,-83.30864,0.27026416848491003,408,48.94,0.00017774617845716317,8.4,537
45619,38.47257,-82.45157,0.4853585573272359,666,49.870000000000005,0.00017774617845716317,87.4,3368
45620,38.95564,-82.14052,0.5767888644195823,-666666666,50.74,0.00017774617845716317,13.4,301
45623,38.64125,-82.26748,0.4108808311184225,528,50.593333333333334,0.00017774617845716317,18.1,1260
45628,39.38959,-83.19657,0.3224811001986353,929,46.06333333333333,0.00017774617845716317,28.9,2554
45629,38.65221,-82.81051,0.33151144981284275,617,44.47,0.00017774617845716317,37.4,970
45631,38.81672,-82.25486,0.30205355480185747,726,57.779999999999994,0.00017774617845716317,42.7,5212
45634,39.17891,-82.49037,0.3210762171306517,439,8.16,0.00017774617845716317,17.4,624
45638,38.56217,-82.67607,0.4223326887318726,676,59.30555555555556,0.00017774617845716317,100.0,7962
45640,39.02345,-82.65032,0.3227257408502481,738,33.884,0.00017774617845716317,36.2,6831
45644,39.45245,-82.84176,0.2493967024659009,862,40.26875,0.00017774617845716317,28.9,2001
45645,38.57082,-82.53159,0.32728780120284395,685,49.870000000000005,0.00017774617845716317,22.9,1087
45647,39.29597,-82.73803,0.32325125497877605,582,20.8925,0.00017774617845716317,13.3,1065
45648,38.92161,-83.01393,0.3333780205847787,676,51.653333333333336,0.00017774617845716317,31.3,3966
45650,38.74415,-83.42099,0.6609194462197596,-666666666,48.94,0.00017774617845716317,7.9,198
45651,39.27665,-82.47706,0.3367930961738652,809,33.625,0.00017774617845716317,14.7,2256
45652,38.82911,-83.08018,0.20086481424741073,547,27.116666666666664,0.00017774617845716317,34.7,881
45653,38.88976,-82.82306,0.3178492262452142,782,27.200000000000003,0.00017774617845716317,33.8,1051
45654,39.36671,-82.37774,0.20870941601345408,831,20.8925,0.00017774617845716317,5.2,315
45656,38.87565,-82.59143,0.4356477249951138,606,72.66499999999999,0.00017774617845716317,19.7,2315
45657,38.85166,-83.21011,0.4128687481417784,628,40.90690476190476,0.00017774617845716317,6.9,597
45658,38.76324,-82.41411,0.3462742223739649,581,75.15,0.00017774617845716317,10.9,960
45659,38.67117,-82.62331,0.3735655848785337,630,49.870000000000005,0.00017774617845716317,11.7,964
45660,38.98626,-83.358,0.2318590112558657,686,7.895,0.00017774617845716317,14.9,2438
45661,39.04096,-83.10479,0.28012351898778576,749,45.75,0.00017774617845716317,28.8,2381
45662,38.78938,-82.92114,0.3986134403430122,549,38.777142857142856,0.00017774617845716317,187.5,8959
45663,38.74507,-83.11198,0.3867318807188275,802,43.03666666666667,0.00017774617845716317,37.0,2047
45669,38.4935,-82.35857,0.32750663761568627,717,30.97,0.00017774617845716317,109.2,3972
45671,38.97339,-83.23775,0.4651169025666142,546,40.90690476190476,0.00017774617845716317,10.8,197
45672,39.20549,-82.67579,-3808.5951634214175,608,20.8925,0.00017774617845716317,9.4,464
45678,38.60595,-82.37883,0.348534518204989,513,49.870000000000005,0.00017774617845716317,10.1,328
45679,38.97634,-83.56788,0.2280506905464068,602,50.19,0.00017774617845716317,16.6,945
45680,38.45526,-82.54489,0.2895408288419492,699,48.196,0.00017774617845716317,132.6,4462
45681,39.30551,-83.24807,0.3058596246334621,925,38.61,0.00017774617845716317,15.4,591
45682,38.80839,-82.69658,0.2923298452055813,478,55.185,0.00017774617845716317,14.5,666
45684,38.67546,-83.27789,0.2730300766423832,650,48.94,0.00017774617845716317,7.3,622
45685,38.9333,-82.4527,-3522.591126529572,680,72.66499999999999,0.00017774617845716317,16.2,724
45686,39.00901,-82.36843,0.3140645824522686,537,50.74,0.00017774617845716317,14.2,1185
45690,39.13106,-83.01674,0.2793220305885731,672,36.79666666666666,0.00017774617845716317,36.3,5097
45692,39.11582,-82.5426,0.4076077106682076,738,86.17,0.00017774617845716317,36.4,3044
45693,38.80921,-83.53406,0.25231227219527635,784,29.455,0.00017774617845716317,24.7,3188
45694,38.74807,-82.78345,0.317228570379366,766,30.85,0.00017774617845716317,72.6,4394
45696,38.60356,-82.45201,0.2577960327475591,549,62.995,0.00017774617845716317,10.6,255
45697,38.9352,-83.66525,0.2985966699118682,916,58.25,0.00017774617845716317,24.5,2373
45701,39.31205,-82.08079,0.19129633469471066,1004,80.88,0.00017774617845716317,87.0,14456
45710,39.19763,-82.22574,0.330367583612616,670,68.275,0.00017774617845716317,21.3,2262
45711,39.42503,-81.93038,0.3115569930907779,481,67.71,0.00017774617845716317,8.0,402
45714,39.3183,-81.62001,0.30035160354929524,789,67.755,0.00017774617845716317,100.8,3986
45715,39.60484,-81.6268,0.24821784404392921,514,46.43333333333334,0.00017774617845716317,18.6,741
45719,39.39951,-82.1285,0.4320930513115368,576,44.4975,0.00017774617845716317,468.8,310
45723,39.22173,-81.8268,0.3443756099863677,767,2.24,0.00017774617845716317,21.4,1554
45724,39.38246,-81.79233,0.34460994890975705,547,46.75,0.00017774617845716317,11.4,1067
45727,39.64495,-81.48171,0.21635486419978395,448,39.1,0.00017774617845716317,11.1,142
45729,39.41653,-81.60828,0.33467093485603855,660,46.75,0.00017774617845716317,31.8,828
45732,39.51802,-82.06705,0.41098672290961513,593,37.949999999999996,0.00017774617845716317,20.8,1633
45735,39.25183,-81.9229,0.22216981053876322,640,51.045,0.00017774617845716317,13.8,644
45741,39.06648,-82.2527,0.021774856297089615,558,67.325,0.00017774617845716317,8.2,31
45742,39.28563,-81.73008,0.3941337958544571,597,46.75,0.00017774617845716317,50.0,1333
45743,39.076,-81.85017,0.3902870018772349,865,67.325,0.00017774617845716317,13.3,438
45744,39.5396,-81.5077,0.33664562707037876,600,42.61,0.00017774617845716317,14.9,971
45745,39.61678,-81.32689,0.3119933076049522,-666666666,98.83,0.00017774617845716317,5.0,631
45750,39.4301,-81.42947,0.2835196699014415,613,26.545,0.00017774617845716317,95.7,11167
45760,39.01395,-82.12244,0.5773305684712254,577,63.86,0.00017774617845716317,69.8,1156
45761,39.42642,-82.0964,0.2766270270370814,503,44.4975,0.00017774617845716317,14.9,629
45764,39.45116,-82.24336,0.4352848907514496,694,47.379999999999995,0.00017774617845716317,36.9,2988
45766,39.31931,-82.26247,0.3168167377611545,932,44.4975,0.00017774617845716317,18.2,456
45767,39.54367,-81.1312,0.4243724459150099,450,77.08,0.00017774617845716317,8.9,964
45768,39.4149,-81.26468,0.480952365797256,674,46.49,0.00017774617845716317,19.4,785
45769,39.1062,-82.04578,0.5033677829103291,590,78.375,0.00017774617845716317,20.4,2234
45771,38.98204,-81.89902,0.3837192986681824,565,67.325,0.00017774617845716317,21.8,1226
45772,39.1408,-81.82268,0.4251358806156718,672,56.635000000000005,0.00017774617845716317,15.3,545
45775,39.0876,-82.15596,0.5570950481371677,477,67.325,0.00017774617845716317,19.2,583
45776,39.18732,-82.0228,0.304944404417601,543,67.325,0.00017774617845716317,21.6,314
45778,39.34672,-81.89555,0.2989121941399199,537,44.4975,0.00017774617845716317,16.2,335
45779,38.99884,-81.97082,0.6157268641053596,497,67.325,0.00017774617845716317,279.1,347
45780,39.36972,-82.13112,0.28183963870245804,694,13.57,0.00017774617845716317,350.9,1071
45784,39.38879,-81.68805,0.2786386602355364,780,46.75,0.00017774617845716317,31.7,1348
45786,39.50365,-81.65451,0.28810122968039514,560,72.37,0.00017774617845716317,18.4,1187
45788,39.51349,-81.37016,0.388762168071704,468,46.75,0.00017774617845716317,12.2,527
45801,40.77476,-84.03703,0.3107092347603405,734,51.37833333333333,0.00017774617845716317,181.0,8573
45804,40.71569,-84.06911,0.556529330809111,595,61.585,0.00017774617845716317,258.0,5591
45805,40.72979,-84.16242,0.32505162502920837,908,53.35666666666666,0.00017774617845716317,655.6,10987
45806,40.67615,-84.12651,0.3410446698532155,1012,40.078,0.00017774617845716317,67.9,5007
45807,40.8072,-84.16699,0.29398776603285953,1003,50.48,0.00017774617845716317,59.5,5571
45808,40.83178,-83.9729,0.6506755093692989,825,48.43000000000001,0.00017774617845716317,212.8,194
45810,40.77721,-83.81097,0.25410643602512484,858,61.625,0.00017774617845716317,43.3,3395
45812,40.68341,-83.8135,0.2701517168767766,670,61.625,0.00017774617845716317,19.3,660
45813,41.18914,-84.73031,0.3858538831051694,695,52.169999999999995,0.00017774617845716317,24.0,1608
45814,40.90119,-83.61545,0.2704952392230377,911,23.875,0.00017774617845716317,27.8,1253
45817,40.87691,-83.88279,0.29590100296594796,902,26.006666666666664,0.00017774617845716317,35.1,2531
45819,40.62407,-84.26033,0.40312073253918457,818,38.28,0.00017774617845716317,363.7,126
45820,40.83074,-84.08473,0.49249865116038616,664,48.43000000000001,0.00017774617845716317,836.3,379
45821,41.22643,-84.56208,0.3564128043221138,645,59.245,0.00017774617845716317,7.0,351
45822,40.55266,-84.59664,0.27662032477873744,774,25.636666666666667,0.00017774617845716317,47.8,9707
45827,41.00393,-84.30122,0.3201879142734883,673,50.660000000000004,0.00017774617845716317,13.0,1068
45828,40.48672,-84.67677,0.28003490222887784,861,58.826666666666675,0.00017774617845716317,72.3,3177
45830,40.90616,-84.09213,0.3267792201575931,765,41.19,0.00017774617845716317,22.1,2531
45831,41.11141,-84.24993,0.34204488155801493,858,36.53,0.00017774617845716317,18.5,1459
45832,40.92779,-84.7336,0.3534231850894198,687,48.913333333333334,0.00017774617845716317,17.4,1386
45833,40.83415,-84.35264,0.3265853139209242,719,48.43000000000001,0.00017774617845716317,57.7,5178
45835,40.75898,-83.70076,0.37510337250410125,993,42.125,0.00017774617845716317,10.9,218
45836,40.79304,-83.64311,0.3424701390999464,818,61.625,0.00017774617845716317,23.8,605
45840,41.02626,-83.64943,0.24258163028493418,952,70.52166666666666,0.00017774617845716317,126.0,25102
45841,40.87955,-83.735,0.2685088437933809,819,53.8875,0.00017774617845716317,18.4,478
45843,40.78202,-83.53513,0.3270438645439282,643,61.625,0.00017774617845716317,15.0,1751
45844,40.91733,-84.2856,0.30496802994349614,817,63.69499999999999,0.00017774617845716317,19.3,1477
45845,40.32995,-84.37806,0.2131753138716241,929,38.42,0.00017774617845716317,40.0,1344
45846,40.40986,-84.74644,0.26178732247071934,654,35.04333333333333,0.00017774617845716317,24.2,2269
45849,41.01241,-84.45452,0.43802044693851194,581,94.14,0.00017774617845716317,10.1,452
45850,40.70382,-83.91817,0.3249779318522389,898,30.093333333333334,0.00017774617845716317,24.9,1517
45851,41.03267,-84.60289,0.542631591498505,592,59.26,0.00017774617845716317,6.1,331
45853,40.98625,-84.19469,0.3189403700004334,969,87.36,0.00017774617845716317,408.8,901
45856,41.11452,-83.99917,0.3886614416051276,817,50.660000000000004,0.00017774617845716317,20.0,2495
45858,41.10688,-83.80338,0.26108749655597263,898,68.24000000000001,0.00017774617845716317,16.8,1274
45859,40.69305,-83.78574,0.5471601495495738,476,25.69666666666667,0.00017774617845716317,418.6,218
45860,40.39365,-84.51566,0.23602730659127272,1065,32.364999999999995,0.00017774617845716317,28.3,1573
45862,40.67079,-84.51356,0.2581141498318007,581,36.82333333333333,0.00017774617845716317,12.5,588
45863,40.9041,-84.45477,0.3861926110901036,788,47.38166666666667,0.00017774617845716317,22.0,689
45865,40.39379,-84.37219,0.28830889370310314,905,32.9,0.00017774617845716317,59.1,2588
45866,40.48905,-84.54969,0.339591520062478,688,36.82333333333333,0.00017774617845716317,377.7,42
45867,40.89795,-83.53825,0.37568196514106145,598,39.26666666666667,0.00017774617845716317,15.3,474
45868,40.96986,-83.84839,0.44786946020249646,1030,53.8875,0.00017774617845716317,17.5,520
45869,40.4573,-84.39432,0.2817275985806874,786,20.884999999999998,0.00017774617845716317,46.4,2187
45871,40.4932,-84.30089,0.28643446134713774,822,43.66,0.00017774617845716317,34.2,921
45872,41.18863,-83.68366,0.3658503316007903,738,54.85999999999999,0.00017774617845716317,57.5,1861
45873,41.11935,-84.39628,0.39172896970484167,831,59.23,0.00017774617845716317,16.5,720
45874,40.78765,-84.67777,0.34784215461957285,636,47.38166666666667,0.00017774617845716317,14.5,1122
45875,41.02271,-84.06118,0.28697510262921977,949,33.49,0.00017774617845716317,40.9,5286
45877,40.95393,-83.93779,0.2932679867003822,748,55.71,0.00017774617845716317,35.5,1274
45879,41.12918,-84.56471,0.3879555044639411,713,45.843333333333334,0.00017774617845716317,24.4,2500
45880,41.0662,-84.73782,0.49319683870102526,728,92.36,0.00017774617845716317,16.3,1198
45881,40.94976,-83.77426,0.2687723213398221,740,39.535,0.00017774617845716317,21.6,501
45882,40.67823,-84.6754,0.2861721504896409,693,79.14333333333333,0.00017774617845716317,12.3,1249
45883,40.40574,-84.62791,0.2730470347444178,867,38.60333333333333,0.00017774617845716317,43.5,1918
45885,40.57182,-84.3871,0.34455608302161744,854,31.576666666666664,0.00017774617845716317,68.0,6595
45886,40.99083,-84.61062,0.9162257952057443,693,59.245,0.00017774617845716317,8.5,355
45887,40.71107,-84.36359,0.3012456719965219,704,31.429999999999996,0.00017774617845716317,24.0,1698
45889,41.14606,-83.64101,0.29537640776275426,1065,85.03666666666668,0.00017774617845716317,37.3,772
45890,40.97752,-83.49105,0.4652287817926858,735,73.83,0.00017774617845716317,23.6,448
45891,40.8748,-84.57785,0.3202261129698938,693,45.85,0.00017774617845716317,44.6,6748
45894,40.76252,-84.4684,0.362060717166553,712,47.38166666666667,0.00017774617845716317,7.8,320
45895,40.56991,-84.15197,0.29143077336787143,784,61.555,0.00017774617845716317,37.1,8550
45896,40.60667,-83.93775,0.26591320997956797,886,53.684999999999995,0.00017774617845716317,17.8,863
45898,40.73617,-84.76429,0.26748656631308876,466,47.38166666666667,0.00017774617845716317,12.0,338
